Entity,Code,Year,Total deaths from natural disasters among both sexes
Afghanistan,AFG,2000,0
Afghanistan,AFG,2001,5.09
Afghanistan,AFG,2002,1687.89
Afghanistan,AFG,2003,180.81
Afghanistan,AFG,2004,23.46
Afghanistan,AFG,2005,732.99
Afghanistan,AFG,2006,501.54
Afghanistan,AFG,2007,387.62
Afghanistan,AFG,2008,1729.33
Afghanistan,AFG,2009,133.17
Afghanistan,AFG,2010,461.39
Afghanistan,AFG,2011,109.91
Afghanistan,AFG,2012,442.21
Afghanistan,AFG,2013,205.88
Afghanistan,AFG,2014,764.99
Afghanistan,AFG,2015,593.33
Afghanistan,AFG,2016,111.56
Afghanistan,AFG,2017,300.11
Afghanistan,AFG,2018,162.97
Afghanistan,AFG,2019,278.8
Afghanistan,AFG,2020,433.08
Afghanistan,AFG,2021,522.38
Africa,,2000,1489.1
Africa,,2001,1657.85
Africa,,2002,849.29
Africa,,2003,2851.99
Africa,,2004,1567.62
Africa,,2005,528.75
Africa,,2006,1566.77
Africa,,2007,1060.8
Africa,,2008,852.17
Africa,,2009,737.31
Africa,,2010,1356.51
Africa,,2011,836.6
Africa,,2012,1032.36
Africa,,2013,979.71
Africa,,2014,604.98
Africa,,2015,1225.63
Africa,,2016,1274.71
Africa,,2017,2665.3
Africa,,2018,1087.99
Africa,,2019,2882.73
Africa,,2020,1472.25
Africa,,2021,517.68
Albania,ALB,2000,0
Albania,ALB,2001,0
Albania,ALB,2002,7.39
Albania,ALB,2003,0
Albania,ALB,2004,1.06
Albania,ALB,2005,5.31
Albania,ALB,2006,0
Albania,ALB,2007,0
Albania,ALB,2008,0
Albania,ALB,2009,0
Albania,ALB,2010,2.13
Albania,ALB,2011,0
Albania,ALB,2012,0
Albania,ALB,2013,0
Albania,ALB,2014,0
Albania,ALB,2015,1.09
Albania,ALB,2016,2.19
Albania,ALB,2017,1.1
Albania,ALB,2018,0
Albania,ALB,2019,56.87
Albania,ALB,2020,0
Albania,ALB,2021,0
Algeria,DZA,2000,47.13
Algeria,DZA,2001,905.2
Algeria,DZA,2002,47.21
Algeria,DZA,2003,2294.01
Algeria,DZA,2004,21.69
Algeria,DZA,2005,21.67
Algeria,DZA,2006,4.92
Algeria,DZA,2007,80.54
Algeria,DZA,2008,91.28
Algeria,DZA,2009,47.07
Algeria,DZA,2010,0
Algeria,DZA,2011,9.79
Algeria,DZA,2012,67.57
Algeria,DZA,2013,0
Algeria,DZA,2014,5.87
Algeria,DZA,2015,11.75
Algeria,DZA,2016,0
Algeria,DZA,2017,0
Algeria,DZA,2018,5.92
Algeria,DZA,2019,0
Algeria,DZA,2020,0
Algeria,DZA,2021,12.99
Andorra,AND,2000,0
Andorra,AND,2001,0
Andorra,AND,2002,0
Andorra,AND,2003,0
Andorra,AND,2004,0
Andorra,AND,2005,0
Andorra,AND,2006,0
Andorra,AND,2007,0
Andorra,AND,2008,0
Andorra,AND,2009,0
Andorra,AND,2010,0
Andorra,AND,2011,0
Andorra,AND,2012,0
Andorra,AND,2013,0
Andorra,AND,2014,0
Andorra,AND,2015,0
Andorra,AND,2016,0
Andorra,AND,2017,0
Andorra,AND,2018,0
Andorra,AND,2019,0
Andorra,AND,2020,0
Andorra,AND,2021,0
Angola,AGO,2000,69.73
Angola,AGO,2001,66.94
Angola,AGO,2002,9.34
Angola,AGO,2003,17.4
Angola,AGO,2004,32.28
Angola,AGO,2005,0
Angola,AGO,2006,0
Angola,AGO,2007,118.68
Angola,AGO,2008,7.86
Angola,AGO,2009,69.2
Angola,AGO,2010,27.78
Angola,AGO,2011,143.84
Angola,AGO,2012,0
Angola,AGO,2013,9.9
Angola,AGO,2014,0
Angola,AGO,2015,82.07
Angola,AGO,2016,123.35
Angola,AGO,2017,11.99
Angola,AGO,2018,8.71
Angola,AGO,2019,73.33
Angola,AGO,2020,40.01
Angola,AGO,2021,24.04
Antigua and Barbuda,ATG,2000,0
Antigua and Barbuda,ATG,2001,0
Antigua and Barbuda,ATG,2002,0
Antigua and Barbuda,ATG,2003,0
Antigua and Barbuda,ATG,2004,0
Antigua and Barbuda,ATG,2005,0
Antigua and Barbuda,ATG,2006,0
Antigua and Barbuda,ATG,2007,0
Antigua and Barbuda,ATG,2008,0
Antigua and Barbuda,ATG,2009,0
Antigua and Barbuda,ATG,2010,0
Antigua and Barbuda,ATG,2011,0
Antigua and Barbuda,ATG,2012,0
Antigua and Barbuda,ATG,2013,0
Antigua and Barbuda,ATG,2014,0
Antigua and Barbuda,ATG,2015,0
Antigua and Barbuda,ATG,2016,0
Antigua and Barbuda,ATG,2017,1.06
Antigua and Barbuda,ATG,2018,0
Antigua and Barbuda,ATG,2019,0
Antigua and Barbuda,ATG,2020,0
Antigua and Barbuda,ATG,2021,0
Argentina,ARG,2000,18.9
Argentina,ARG,2001,32.87
Argentina,ARG,2002,20.94
Argentina,ARG,2003,31.94
Argentina,ARG,2004,6.99
Argentina,ARG,2005,14.03
Argentina,ARG,2006,3.01
Argentina,ARG,2007,14.07
Argentina,ARG,2008,11.04
Argentina,ARG,2009,22.09
Argentina,ARG,2010,7.03
Argentina,ARG,2011,2.01
Argentina,ARG,2012,4.03
Argentina,ARG,2013,58.55
Argentina,ARG,2014,8.09
Argentina,ARG,2015,17.24
Argentina,ARG,2016,10.18
Argentina,ARG,2017,5.1
Argentina,ARG,2018,6.13
Argentina,ARG,2019,6.15
Argentina,ARG,2020,3.08
Argentina,ARG,2021,0
Armenia,ARM,2000,0
Armenia,ARM,2001,0
Armenia,ARM,2002,0
Armenia,ARM,2003,0
Armenia,ARM,2004,0.96
Armenia,ARM,2005,0
Armenia,ARM,2006,1.2
Armenia,ARM,2007,0
Armenia,ARM,2008,1.15
Armenia,ARM,2009,1.13
Armenia,ARM,2010,1.16
Armenia,ARM,2011,1.32
Armenia,ARM,2012,1.85
Armenia,ARM,2013,0.92
Armenia,ARM,2014,0
Armenia,ARM,2015,0
Armenia,ARM,2016,0
Armenia,ARM,2017,0
Armenia,ARM,2018,0
Armenia,ARM,2019,0
Armenia,ARM,2020,0
Armenia,ARM,2021,0
Asia,,2000,6215.76
Asia,,2001,26416.88
Asia,,2002,6701.73
Asia,,2003,30946.06
Asia,,2004,237795.84
Asia,,2005,92334.664
Asia,,2006,17787.68
Asia,,2007,12880.66
Asia,,2008,229687.38
Asia,,2009,7734.38
Asia,,2010,14307.93
Asia,,2011,26473.43
Asia,,2012,6726.85
Asia,,2013,24583.45
Asia,,2014,5862.18
Asia,,2015,12703.92
Asia,,2016,4834.51
Asia,,2017,6124.43
Asia,,2018,9871.76
Asia,,2019,5141.7197
Asia,,2020,6348.54
Asia,,2021,5177.96
Australia,AUS,2000,3.01
Australia,AUS,2001,4.01
Australia,AUS,2002,1
Australia,AUS,2003,3
Australia,AUS,2004,2.99
Australia,AUS,2005,3.99
Australia,AUS,2006,3.99
Australia,AUS,2007,5
Australia,AUS,2008,5.02
Australia,AUS,2009,6.04
Australia,AUS,2010,5.05
Australia,AUS,2011,34.38
Australia,AUS,2012,8.1
Australia,AUS,2013,4.06
Australia,AUS,2014,5.07
Australia,AUS,2015,9.13
Australia,AUS,2016,9.11
Australia,AUS,2017,13.14
Australia,AUS,2018,1.01
Australia,AUS,2019,3.02
Australia,AUS,2020,21.11
Australia,AUS,2021,6.99
Austria,AUT,2000,13.89
Austria,AUT,2001,0
Austria,AUT,2002,17.83
Austria,AUT,2003,20.8
Austria,AUT,2004,4.96
Austria,AUT,2005,26.73
Austria,AUT,2006,16.85
Austria,AUT,2007,8.92
Austria,AUT,2008,16.88
Austria,AUT,2009,14.91
Austria,AUT,2010,23.82
Austria,AUT,2011,0.99
Austria,AUT,2012,12.87
Austria,AUT,2013,21.76
Austria,AUT,2014,5.93
Austria,AUT,2015,17.76
Austria,AUT,2016,8.91
Austria,AUT,2017,7.94
Austria,AUT,2018,5.97
Austria,AUT,2019,26.88
Austria,AUT,2020,0
Austria,AUT,2021,1
Azerbaijan,AZE,2000,41.02
Azerbaijan,AZE,2001,0.93
Azerbaijan,AZE,2002,0.77
Azerbaijan,AZE,2003,0.8
Azerbaijan,AZE,2004,1.15
Azerbaijan,AZE,2005,0
Azerbaijan,AZE,2006,0
Azerbaijan,AZE,2007,0
Azerbaijan,AZE,2008,0
Azerbaijan,AZE,2009,0
Azerbaijan,AZE,2010,3.04
Azerbaijan,AZE,2011,0
Azerbaijan,AZE,2012,0
Azerbaijan,AZE,2013,0
Azerbaijan,AZE,2014,0
Azerbaijan,AZE,2015,0
Azerbaijan,AZE,2016,0
Azerbaijan,AZE,2017,0
Azerbaijan,AZE,2018,0
Azerbaijan,AZE,2019,0
Azerbaijan,AZE,2020,0
Azerbaijan,AZE,2021,0
Bahamas,BHS,2000,0
Bahamas,BHS,2001,0
Bahamas,BHS,2002,1.08
Bahamas,BHS,2003,0
Bahamas,BHS,2004,12.97
Bahamas,BHS,2005,1.08
Bahamas,BHS,2006,0
Bahamas,BHS,2007,0
Bahamas,BHS,2008,0
Bahamas,BHS,2009,0
Bahamas,BHS,2010,3.21
Bahamas,BHS,2011,0
Bahamas,BHS,2012,1.06
Bahamas,BHS,2013,0
Bahamas,BHS,2014,0
Bahamas,BHS,2015,34.91
Bahamas,BHS,2016,0
Bahamas,BHS,2017,0
Bahamas,BHS,2018,0
Bahamas,BHS,2019,374.08
Bahamas,BHS,2020,0
Bahamas,BHS,2021,0
Bahrain,BHR,2000,0
Bahrain,BHR,2001,0
Bahrain,BHR,2002,0
Bahrain,BHR,2003,0
Bahrain,BHR,2004,0
Bahrain,BHR,2005,0
Bahrain,BHR,2006,0
Bahrain,BHR,2007,0
Bahrain,BHR,2008,0
Bahrain,BHR,2009,0
Bahrain,BHR,2010,0
Bahrain,BHR,2011,0
Bahrain,BHR,2012,0
Bahrain,BHR,2013,0
Bahrain,BHR,2014,0
Bahrain,BHR,2015,0
Bahrain,BHR,2016,0
Bahrain,BHR,2017,0
Bahrain,BHR,2018,0
Bahrain,BHR,2019,0
Bahrain,BHR,2020,0
Bahrain,BHR,2021,0
Bangladesh,BGD,2000,143.17
Bangladesh,BGD,2001,251.3
Bangladesh,BGD,2002,135.28
Bangladesh,BGD,2003,323.28
Bangladesh,BGD,2004,1033.75
Bangladesh,BGD,2005,239.01
Bangladesh,BGD,2006,157.86
Bangladesh,BGD,2007,5605.04
Bangladesh,BGD,2008,68.61
Bangladesh,BGD,2009,212.87
Bangladesh,BGD,2010,106.09
Bangladesh,BGD,2011,39.35
Bangladesh,BGD,2012,265.44
Bangladesh,BGD,2013,48.4
Bangladesh,BGD,2014,75.9
Bangladesh,BGD,2015,151.85
Bangladesh,BGD,2016,188.4
Bangladesh,BGD,2017,306.78
Bangladesh,BGD,2018,64.55
Bangladesh,BGD,2019,303.84
Bangladesh,BGD,2020,269.01
Bangladesh,BGD,2021,22.9
Barbados,BRB,2000,0
Barbados,BRB,2001,0
Barbados,BRB,2002,0
Barbados,BRB,2003,0.97
Barbados,BRB,2004,0.97
Barbados,BRB,2005,0
Barbados,BRB,2006,0
Barbados,BRB,2007,0
Barbados,BRB,2008,0
Barbados,BRB,2009,0
Barbados,BRB,2010,0
Barbados,BRB,2011,0
Barbados,BRB,2012,0
Barbados,BRB,2013,0
Barbados,BRB,2014,0
Barbados,BRB,2015,0
Barbados,BRB,2016,0
Barbados,BRB,2017,0.91
Barbados,BRB,2018,0
Barbados,BRB,2019,0
Barbados,BRB,2020,0
Barbados,BRB,2021,0
Belarus,BLR,2000,0
Belarus,BLR,2001,0
Belarus,BLR,2002,3.78
Belarus,BLR,2003,3.24
Belarus,BLR,2004,0
Belarus,BLR,2005,0
Belarus,BLR,2006,0
Belarus,BLR,2007,3.03
Belarus,BLR,2008,5.56
Belarus,BLR,2009,5.54
Belarus,BLR,2010,3.68
Belarus,BLR,2011,6.17
Belarus,BLR,2012,0
Belarus,BLR,2013,3.09
Belarus,BLR,2014,2.99
Belarus,BLR,2015,0
Belarus,BLR,2016,0
Belarus,BLR,2017,0
Belarus,BLR,2018,1.05
Belarus,BLR,2019,0
Belarus,BLR,2020,0
Belarus,BLR,2021,0
Belgium,BEL,2000,1
Belgium,BEL,2001,0
Belgium,BEL,2002,3
Belgium,BEL,2003,0
Belgium,BEL,2004,0
Belgium,BEL,2005,1
Belgium,BEL,2006,0
Belgium,BEL,2007,1.99
Belgium,BEL,2008,0
Belgium,BEL,2009,0
Belgium,BEL,2010,3.98
Belgium,BEL,2011,4.98
Belgium,BEL,2012,0
Belgium,BEL,2013,0
Belgium,BEL,2014,0
Belgium,BEL,2015,0
Belgium,BEL,2016,2
Belgium,BEL,2017,0
Belgium,BEL,2018,1
Belgium,BEL,2019,0
Belgium,BEL,2020,0
Belgium,BEL,2021,43.09
Belize,BLZ,2000,14.02
Belize,BLZ,2001,30.06
Belize,BLZ,2002,0
Belize,BLZ,2003,0
Belize,BLZ,2004,0
Belize,BLZ,2005,2.96
Belize,BLZ,2006,0
Belize,BLZ,2007,0
Belize,BLZ,2008,7.81
Belize,BLZ,2009,0
Belize,BLZ,2010,0
Belize,BLZ,2011,0
Belize,BLZ,2012,0
Belize,BLZ,2013,0
Belize,BLZ,2014,0
Belize,BLZ,2015,0
Belize,BLZ,2016,0
Belize,BLZ,2017,0
Belize,BLZ,2018,0
Belize,BLZ,2019,0
Belize,BLZ,2020,0
Belize,BLZ,2021,0
Benin,BEN,2000,0
Benin,BEN,2001,0
Benin,BEN,2002,0
Benin,BEN,2003,0
Benin,BEN,2004,0
Benin,BEN,2005,0
Benin,BEN,2006,0
Benin,BEN,2007,10.16
Benin,BEN,2008,15.14
Benin,BEN,2009,10.04
Benin,BEN,2010,45.95
Benin,BEN,2011,0
Benin,BEN,2012,3.97
Benin,BEN,2013,0
Benin,BEN,2014,0
Benin,BEN,2015,0
Benin,BEN,2016,0
Benin,BEN,2017,0
Benin,BEN,2018,0
Benin,BEN,2019,0
Benin,BEN,2020,5.83
Benin,BEN,2021,8.71
Bhutan,BTN,2000,184.87
Bhutan,BTN,2001,0
Bhutan,BTN,2002,0
Bhutan,BTN,2003,0
Bhutan,BTN,2004,0
Bhutan,BTN,2005,0
Bhutan,BTN,2006,0
Bhutan,BTN,2007,0
Bhutan,BTN,2008,0
Bhutan,BTN,2009,23.07
Bhutan,BTN,2010,0
Bhutan,BTN,2011,0.99
Bhutan,BTN,2012,0
Bhutan,BTN,2013,0
Bhutan,BTN,2014,0
Bhutan,BTN,2015,0
Bhutan,BTN,2016,0
Bhutan,BTN,2017,0
Bhutan,BTN,2018,0
Bhutan,BTN,2019,0
Bhutan,BTN,2020,0
Bhutan,BTN,2021,9.6
Bolivia,BOL,2000,33.63
Bolivia,BOL,2001,44
Bolivia,BOL,2002,101.7
Bolivia,BOL,2003,113.65
Bolivia,BOL,2004,35.77
Bolivia,BOL,2005,0
Bolivia,BOL,2006,25.52
Bolivia,BOL,2007,65.76
Bolivia,BOL,2008,50.73
Bolivia,BOL,2009,0
Bolivia,BOL,2010,25.97
Bolivia,BOL,2011,51.71
Bolivia,BOL,2012,12.87
Bolivia,BOL,2013,87.13
Bolivia,BOL,2014,124.05
Bolivia,BOL,2015,39.31
Bolivia,BOL,2016,3.9
Bolivia,BOL,2017,0
Bolivia,BOL,2018,5.81
Bolivia,BOL,2019,80.08
Bolivia,BOL,2020,25.08
Bolivia,BOL,2021,41.03
Bosnia and Herzegovina,BIH,2000,6.21
Bosnia and Herzegovina,BIH,2001,0
Bosnia and Herzegovina,BIH,2002,0
Bosnia and Herzegovina,BIH,2003,0
Bosnia and Herzegovina,BIH,2004,0
Bosnia and Herzegovina,BIH,2005,4.12
Bosnia and Herzegovina,BIH,2006,0
Bosnia and Herzegovina,BIH,2007,0
Bosnia and Herzegovina,BIH,2008,0
Bosnia and Herzegovina,BIH,2009,0
Bosnia and Herzegovina,BIH,2010,3.02
Bosnia and Herzegovina,BIH,2011,0
Bosnia and Herzegovina,BIH,2012,0
Bosnia and Herzegovina,BIH,2013,0
Bosnia and Herzegovina,BIH,2014,27.25
Bosnia and Herzegovina,BIH,2015,0
Bosnia and Herzegovina,BIH,2016,0
Bosnia and Herzegovina,BIH,2017,0
Bosnia and Herzegovina,BIH,2018,0
Bosnia and Herzegovina,BIH,2019,0.99
Bosnia and Herzegovina,BIH,2020,0
Bosnia and Herzegovina,BIH,2021,0
Botswana,BWA,2000,3.1
Botswana,BWA,2001,0
Botswana,BWA,2002,0
Botswana,BWA,2003,0
Botswana,BWA,2004,0
Botswana,BWA,2005,0
Botswana,BWA,2006,0
Botswana,BWA,2007,0
Botswana,BWA,2008,0
Botswana,BWA,2009,0
Botswana,BWA,2010,0
Botswana,BWA,2011,0
Botswana,BWA,2012,0
Botswana,BWA,2013,13.04
Botswana,BWA,2014,0
Botswana,BWA,2015,0
Botswana,BWA,2016,0
Botswana,BWA,2017,0
Botswana,BWA,2018,0
Botswana,BWA,2019,0
Botswana,BWA,2020,0
Botswana,BWA,2021,0
Brazil,BRA,2000,147.52
Brazil,BRA,2001,118.24
Brazil,BRA,2002,152.95
Brazil,BRA,2003,222.22
Brazil,BRA,2004,189.78
Brazil,BRA,2005,84.19
Brazil,BRA,2006,86.07
Brazil,BRA,2007,133.33
Brazil,BRA,2008,461.45
Brazil,BRA,2009,156.34
Brazil,BRA,2010,685.77
Brazil,BRA,2011,2402.34
Brazil,BRA,2012,72.36
Brazil,BRA,2013,172.39
Brazil,BRA,2014,110.66
Brazil,BRA,2015,70.87
Brazil,BRA,2016,86.71
Brazil,BRA,2017,57.91
Brazil,BRA,2018,73.4
Brazil,BRA,2019,324.06
Brazil,BRA,2020,221.11
Brazil,BRA,2021,41.18
Brunei,BRN,2000,0
Brunei,BRN,2001,0
Brunei,BRN,2002,0
Brunei,BRN,2003,0
Brunei,BRN,2004,0
Brunei,BRN,2005,0
Brunei,BRN,2006,0
Brunei,BRN,2007,0
Brunei,BRN,2008,0
Brunei,BRN,2009,0
Brunei,BRN,2010,0
Brunei,BRN,2011,0
Brunei,BRN,2012,0
Brunei,BRN,2013,0
Brunei,BRN,2014,0
Brunei,BRN,2015,3.12
Brunei,BRN,2016,0
Brunei,BRN,2017,0
Brunei,BRN,2018,0
Brunei,BRN,2019,0
Brunei,BRN,2020,0
Brunei,BRN,2021,0
Bulgaria,BGR,2000,10.81
Bulgaria,BGR,2001,2.15
Bulgaria,BGR,2002,1.07
Bulgaria,BGR,2003,2.14
Bulgaria,BGR,2004,7.49
Bulgaria,BGR,2005,1.07
Bulgaria,BGR,2006,1.06
Bulgaria,BGR,2007,13.75
Bulgaria,BGR,2008,3.17
Bulgaria,BGR,2009,0
Bulgaria,BGR,2010,1.06
Bulgaria,BGR,2011,0
Bulgaria,BGR,2012,6.35
Bulgaria,BGR,2013,0
Bulgaria,BGR,2014,4.23
Bulgaria,BGR,2015,8.44
Bulgaria,BGR,2016,1.05
Bulgaria,BGR,2017,1.06
Bulgaria,BGR,2018,1.06
Bulgaria,BGR,2019,0
Bulgaria,BGR,2020,0
Bulgaria,BGR,2021,0
Burkina Faso,BFA,2000,0
Burkina Faso,BFA,2001,0
Burkina Faso,BFA,2002,0
Burkina Faso,BFA,2003,0
Burkina Faso,BFA,2004,0
Burkina Faso,BFA,2005,0
Burkina Faso,BFA,2006,0
Burkina Faso,BFA,2007,49.32
Burkina Faso,BFA,2008,5.69
Burkina Faso,BFA,2009,8.52
Burkina Faso,BFA,2010,15.15
Burkina Faso,BFA,2011,0
Burkina Faso,BFA,2012,17.09
Burkina Faso,BFA,2013,1.9
Burkina Faso,BFA,2014,0
Burkina Faso,BFA,2015,7.57
Burkina Faso,BFA,2016,14.17
Burkina Faso,BFA,2017,1.88
Burkina Faso,BFA,2018,0
Burkina Faso,BFA,2019,0
Burkina Faso,BFA,2020,12.05
Burkina Faso,BFA,2021,0
Burundi,BDI,2000,0
Burundi,BDI,2001,0
Burundi,BDI,2002,0
Burundi,BDI,2003,0
Burundi,BDI,2004,3.08
Burundi,BDI,2005,0
Burundi,BDI,2006,22.59
Burundi,BDI,2007,5.13
Burundi,BDI,2008,9.23
Burundi,BDI,2009,0
Burundi,BDI,2010,9.18
Burundi,BDI,2011,12.21
Burundi,BDI,2012,0
Burundi,BDI,2013,0
Burundi,BDI,2014,97.63
Burundi,BDI,2015,37.31
Burundi,BDI,2016,26.08
Burundi,BDI,2017,6
Burundi,BDI,2018,0
Burundi,BDI,2019,59.76
Burundi,BDI,2020,4.85
Burundi,BDI,2021,0
Cambodia,KHM,2000,332.46
Cambodia,KHM,2001,53.61
Cambodia,KHM,2002,27.82
Cambodia,KHM,2003,0
Cambodia,KHM,2004,0
Cambodia,KHM,2005,15.38
Cambodia,KHM,2006,4.81
Cambodia,KHM,2007,1.92
Cambodia,KHM,2008,0
Cambodia,KHM,2009,18.28
Cambodia,KHM,2010,7.69
Cambodia,KHM,2011,237.7
Cambodia,KHM,2012,13.5
Cambodia,KHM,2013,193.06
Cambodia,KHM,2014,43.52
Cambodia,KHM,2015,0
Cambodia,KHM,2016,0
Cambodia,KHM,2017,0
Cambodia,KHM,2018,0
Cambodia,KHM,2019,11.62
Cambodia,KHM,2020,36.81
Cambodia,KHM,2021,0.97
Cameroon,CMR,2000,3.15
Cameroon,CMR,2001,31.11
Cameroon,CMR,2002,0
Cameroon,CMR,2003,20.24
Cameroon,CMR,2004,0
Cameroon,CMR,2005,1.97
Cameroon,CMR,2006,0
Cameroon,CMR,2007,7.71
Cameroon,CMR,2008,8.58
Cameroon,CMR,2009,0
Cameroon,CMR,2010,12.12
Cameroon,CMR,2011,0
Cameroon,CMR,2012,22.88
Cameroon,CMR,2013,0
Cameroon,CMR,2014,0
Cameroon,CMR,2015,3.59
Cameroon,CMR,2016,0
Cameroon,CMR,2017,2.68
Cameroon,CMR,2018,0
Cameroon,CMR,2019,47.99
Cameroon,CMR,2020,0
Cameroon,CMR,2021,0
Canada,CAN,2000,14.05
Canada,CAN,2001,20.07
Canada,CAN,2002,7.02
Canada,CAN,2003,23.03
Canada,CAN,2004,3
Canada,CAN,2005,6.99
Canada,CAN,2006,9.97
Canada,CAN,2007,17.94
Canada,CAN,2008,20.92
Canada,CAN,2009,13.96
Canada,CAN,2010,10.98
Canada,CAN,2011,18.98
Canada,CAN,2012,5.99
Canada,CAN,2013,5.99
Canada,CAN,2014,11
Canada,CAN,2015,7.99
Canada,CAN,2016,15
Canada,CAN,2017,3
Canada,CAN,2018,5.02
Canada,CAN,2019,7.05
Canada,CAN,2020,1.01
Canada,CAN,2021,5.06
Cape Verde,CPV,2000,0
Cape Verde,CPV,2001,0
Cape Verde,CPV,2002,0
Cape Verde,CPV,2003,0
Cape Verde,CPV,2004,0
Cape Verde,CPV,2005,0
Cape Verde,CPV,2006,0
Cape Verde,CPV,2007,0
Cape Verde,CPV,2008,0
Cape Verde,CPV,2009,3.15
Cape Verde,CPV,2010,0
Cape Verde,CPV,2011,0
Cape Verde,CPV,2012,0
Cape Verde,CPV,2013,0
Cape Verde,CPV,2014,0
Cape Verde,CPV,2015,9.25
Cape Verde,CPV,2016,0
Cape Verde,CPV,2017,0
Cape Verde,CPV,2018,0
Cape Verde,CPV,2019,0
Cape Verde,CPV,2020,1.05
Cape Verde,CPV,2021,0
Central African Republic,CAF,2000,0
Central African Republic,CAF,2001,3.26
Central African Republic,CAF,2002,0
Central African Republic,CAF,2003,0
Central African Republic,CAF,2004,3.23
Central African Republic,CAF,2005,1.08
Central African Republic,CAF,2006,0
Central African Republic,CAF,2007,1.07
Central African Republic,CAF,2008,0
Central African Republic,CAF,2009,4.31
Central African Republic,CAF,2010,3.23
Central African Republic,CAF,2011,1.07
Central African Republic,CAF,2012,0
Central African Republic,CAF,2013,0
Central African Republic,CAF,2014,0
Central African Republic,CAF,2015,1.05
Central African Republic,CAF,2016,0
Central African Republic,CAF,2017,0
Central African Republic,CAF,2018,0
Central African Republic,CAF,2019,0
Central African Republic,CAF,2020,0
Central African Republic,CAF,2021,0
Chad,TCD,2000,0
Chad,TCD,2001,100.69
Chad,TCD,2002,0
Chad,TCD,2003,0
Chad,TCD,2004,0
Chad,TCD,2005,0
Chad,TCD,2006,52.92
Chad,TCD,2007,29.43
Chad,TCD,2008,0
Chad,TCD,2009,6.05
Chad,TCD,2010,24.1
Chad,TCD,2011,0
Chad,TCD,2012,19.94
Chad,TCD,2013,0
Chad,TCD,2014,0
Chad,TCD,2015,0
Chad,TCD,2016,0
Chad,TCD,2017,0
Chad,TCD,2018,0
Chad,TCD,2019,49.67
Chad,TCD,2020,2.85
Chad,TCD,2021,30.21
Chile,CHL,2000,15.88
Chile,CHL,2001,8.99
Chile,CHL,2002,21.14
Chile,CHL,2003,0
Chile,CHL,2004,5.09
Chile,CHL,2005,59.25
Chile,CHL,2006,18.47
Chile,CHL,2007,15.45
Chile,CHL,2008,10.32
Chile,CHL,2009,3.11
Chile,CHL,2010,527.48
Chile,CHL,2011,1.04
Chile,CHL,2012,1.04
Chile,CHL,2013,4.16
Chile,CHL,2014,3.13
Chile,CHL,2015,236.63
Chile,CHL,2016,13.6
Chile,CHL,2017,14.71
Chile,CHL,2018,2.11
Chile,CHL,2019,15.87
Chile,CHL,2020,2.12
Chile,CHL,2021,0
China,CHN,2000,694.81
China,CHN,2001,946.92
China,CHN,2002,1460.53
China,CHN,2003,1129.73
China,CHN,2004,800.21
China,CHN,2005,1067.6
China,CHN,2006,2074.44
China,CHN,2007,1223.13
China,CHN,2008,91583.63
China,CHN,2009,633.41
China,CHN,2010,7443.3
China,CHN,2011,875.07
China,CHN,2012,902.26
China,CHN,2013,1448.73
China,CHN,2014,1727.17
China,CHN,2015,561
China,CHN,2016,1349
China,CHN,2017,615.64
China,CHN,2018,354.33
China,CHN,2019,537.46
China,CHN,2020,439.3
China,CHN,2021,450.31
Colombia,COL,2000,197.63
Colombia,COL,2001,90.09
Colombia,COL,2002,124.07
Colombia,COL,2003,147.74
Colombia,COL,2004,56.22
Colombia,COL,2005,124.16
Colombia,COL,2006,240.69
Colombia,COL,2007,286.68
Colombia,COL,2008,149.88
Colombia,COL,2009,107.01
Colombia,COL,2010,423.02
Colombia,COL,2011,542.82
Colombia,COL,2012,160.11
Colombia,COL,2013,94.6
Colombia,COL,2014,119.83
Colombia,COL,2015,167.38
Colombia,COL,2016,136.97
Colombia,COL,2017,734.11
Colombia,COL,2018,144.69
Colombia,COL,2019,156.55
Colombia,COL,2020,61.81
Colombia,COL,2021,49.86
Comoros,COM,2000,0
Comoros,COM,2001,0
Comoros,COM,2002,0
Comoros,COM,2003,0
Comoros,COM,2004,0
Comoros,COM,2005,1.05
Comoros,COM,2006,0
Comoros,COM,2007,0
Comoros,COM,2008,0
Comoros,COM,2009,2.14
Comoros,COM,2010,0
Comoros,COM,2011,0
Comoros,COM,2012,4.35
Comoros,COM,2013,0
Comoros,COM,2014,0
Comoros,COM,2015,0
Comoros,COM,2016,0
Comoros,COM,2017,0
Comoros,COM,2018,0
Comoros,COM,2019,9.04
Comoros,COM,2020,0
Comoros,COM,2021,0
Congo,COG,2000,0
Congo,COG,2001,0
Congo,COG,2002,0
Congo,COG,2003,0
Congo,COG,2004,0
Congo,COG,2005,1.04
Congo,COG,2006,6.28
Congo,COG,2007,0
Congo,COG,2008,0
Congo,COG,2009,0
Congo,COG,2010,0
Congo,COG,2011,0
Congo,COG,2012,20.9
Congo,COG,2013,0
Congo,COG,2014,0
Congo,COG,2015,0
Congo,COG,2016,0
Congo,COG,2017,0
Congo,COG,2018,0
Congo,COG,2019,0
Congo,COG,2020,22.65
Congo,COG,2021,27.43
Cook Islands,COK,2000,0
Cook Islands,COK,2001,0
Cook Islands,COK,2002,0
Cook Islands,COK,2003,0
Cook Islands,COK,2004,0
Cook Islands,COK,2005,0
Cook Islands,COK,2006,0
Cook Islands,COK,2007,0
Cook Islands,COK,2008,0
Cook Islands,COK,2009,0
Cook Islands,COK,2010,0
Cook Islands,COK,2011,0
Cook Islands,COK,2012,0
Cook Islands,COK,2013,0
Cook Islands,COK,2014,0
Cook Islands,COK,2015,0
Cook Islands,COK,2016,0
Cook Islands,COK,2017,0
Cook Islands,COK,2018,0
Cook Islands,COK,2019,0
Cook Islands,COK,2020,0
Cook Islands,COK,2021,0
Costa Rica,CRI,2000,2.02
Costa Rica,CRI,2001,1.01
Costa Rica,CRI,2002,11.17
Costa Rica,CRI,2003,3.05
Costa Rica,CRI,2004,10.21
Costa Rica,CRI,2005,6.14
Costa Rica,CRI,2006,0
Costa Rica,CRI,2007,19.51
Costa Rica,CRI,2008,12.34
Costa Rica,CRI,2009,22.66
Costa Rica,CRI,2010,52.61
Costa Rica,CRI,2011,4.13
Costa Rica,CRI,2012,7.25
Costa Rica,CRI,2013,0
Costa Rica,CRI,2014,1.04
Costa Rica,CRI,2015,0
Costa Rica,CRI,2016,9.36
Costa Rica,CRI,2017,4.17
Costa Rica,CRI,2018,1.05
Costa Rica,CRI,2019,0
Costa Rica,CRI,2020,0
Costa Rica,CRI,2021,3.17
Cote d'Ivoire,CIV,2000,0
Cote d'Ivoire,CIV,2001,0
Cote d'Ivoire,CIV,2002,0
Cote d'Ivoire,CIV,2003,0
Cote d'Ivoire,CIV,2004,0
Cote d'Ivoire,CIV,2005,0
Cote d'Ivoire,CIV,2006,0
Cote d'Ivoire,CIV,2007,0
Cote d'Ivoire,CIV,2008,6.32
Cote d'Ivoire,CIV,2009,28.23
Cote d'Ivoire,CIV,2010,18.71
Cote d'Ivoire,CIV,2011,0
Cote d'Ivoire,CIV,2012,0
Cote d'Ivoire,CIV,2013,0
Cote d'Ivoire,CIV,2014,46.5
Cote d'Ivoire,CIV,2015,16.13
Cote d'Ivoire,CIV,2016,20.14
Cote d'Ivoire,CIV,2017,15.1
Cote d'Ivoire,CIV,2018,20.12
Cote d'Ivoire,CIV,2019,12.06
Cote d'Ivoire,CIV,2020,24.15
Cote d'Ivoire,CIV,2021,0
Croatia,HRV,2000,0
Croatia,HRV,2001,0
Croatia,HRV,2002,0
Croatia,HRV,2003,0
Croatia,HRV,2004,0
Croatia,HRV,2005,2.01
Croatia,HRV,2006,0
Croatia,HRV,2007,0
Croatia,HRV,2008,1
Croatia,HRV,2009,1.01
Croatia,HRV,2010,1.01
Croatia,HRV,2011,0
Croatia,HRV,2012,0
Croatia,HRV,2013,0
Croatia,HRV,2014,2.02
Croatia,HRV,2015,1.01
Croatia,HRV,2016,0
Croatia,HRV,2017,0
Croatia,HRV,2018,0
Croatia,HRV,2019,1
Croatia,HRV,2020,8.94
Croatia,HRV,2021,0
Cuba,CUB,2000,1.97
Cuba,CUB,2001,5.92
Cuba,CUB,2002,0.99
Cuba,CUB,2003,0.99
Cuba,CUB,2004,3.97
Cuba,CUB,2005,15.91
Cuba,CUB,2006,8.97
Cuba,CUB,2007,3.98
Cuba,CUB,2008,9.95
Cuba,CUB,2009,2.98
Cuba,CUB,2010,3.99
Cuba,CUB,2011,0
Cuba,CUB,2012,16.94
Cuba,CUB,2013,1.98
Cuba,CUB,2014,0
Cuba,CUB,2015,2.96
Cuba,CUB,2016,0.99
Cuba,CUB,2017,10.82
Cuba,CUB,2018,8.85
Cuba,CUB,2019,5.9
Cuba,CUB,2020,0
Cuba,CUB,2021,0
Cyprus,CYP,2000,0
Cyprus,CYP,2001,0
Cyprus,CYP,2002,0
Cyprus,CYP,2003,0
Cyprus,CYP,2004,1.08
Cyprus,CYP,2005,0
Cyprus,CYP,2006,2.12
Cyprus,CYP,2007,0
Cyprus,CYP,2008,0
Cyprus,CYP,2009,0
Cyprus,CYP,2010,0
Cyprus,CYP,2011,0
Cyprus,CYP,2012,0
Cyprus,CYP,2013,0
Cyprus,CYP,2014,0
Cyprus,CYP,2015,0
Cyprus,CYP,2016,0
Cyprus,CYP,2017,0
Cyprus,CYP,2018,0
Cyprus,CYP,2019,0
Cyprus,CYP,2020,0
Cyprus,CYP,2021,0
Czechia,CZE,2000,0
Czechia,CZE,2001,0.99
Czechia,CZE,2002,6.91
Czechia,CZE,2003,0
Czechia,CZE,2004,2.96
Czechia,CZE,2005,1.97
Czechia,CZE,2006,6.9
Czechia,CZE,2007,0.98
Czechia,CZE,2008,3.94
Czechia,CZE,2009,9.86
Czechia,CZE,2010,16.77
Czechia,CZE,2011,0.99
Czechia,CZE,2012,0
Czechia,CZE,2013,0.98
Czechia,CZE,2014,0
Czechia,CZE,2015,0
Czechia,CZE,2016,0
Czechia,CZE,2017,0.97
Czechia,CZE,2018,1.94
Czechia,CZE,2019,0
Czechia,CZE,2020,0.97
Czechia,CZE,2021,5.8
Democratic Republic of Congo,COD,2000,0
Democratic Republic of Congo,COD,2001,63.62
Democratic Republic of Congo,COD,2002,246.94
Democratic Republic of Congo,COD,2003,29.9
Democratic Republic of Congo,COD,2004,0
Democratic Republic of Congo,COD,2005,14.53
Democratic Republic of Congo,COD,2006,4.16
Democratic Republic of Congo,COD,2007,33.53
Democratic Republic of Congo,COD,2008,37.93
Democratic Republic of Congo,COD,2009,0
Democratic Republic of Congo,COD,2010,49.13
Democratic Republic of Congo,COD,2011,0
Democratic Republic of Congo,COD,2012,1.09
Democratic Republic of Congo,COD,2013,0
Democratic Republic of Congo,COD,2014,182.62
Democratic Republic of Congo,COD,2015,58.15
Democratic Republic of Congo,COD,2016,56.48
Democratic Republic of Congo,COD,2017,575.67
Democratic Republic of Congo,COD,2018,109.68
Democratic Republic of Congo,COD,2019,93.38
Democratic Republic of Congo,COD,2020,98.11
Democratic Republic of Congo,COD,2021,38.32
Denmark,DNK,2000,0
Denmark,DNK,2001,0
Denmark,DNK,2002,0.99
Denmark,DNK,2003,0
Denmark,DNK,2004,0
Denmark,DNK,2005,1.99
Denmark,DNK,2006,0
Denmark,DNK,2007,0
Denmark,DNK,2008,0
Denmark,DNK,2009,0
Denmark,DNK,2010,0
Denmark,DNK,2011,0
Denmark,DNK,2012,0
Denmark,DNK,2013,2
Denmark,DNK,2014,0
Denmark,DNK,2015,0
Denmark,DNK,2016,0
Denmark,DNK,2017,0
Denmark,DNK,2018,0
Denmark,DNK,2019,0
Denmark,DNK,2020,0
Denmark,DNK,2021,0
Djibouti,DJI,2000,0
Djibouti,DJI,2001,0
Djibouti,DJI,2002,0
Djibouti,DJI,2003,0
Djibouti,DJI,2004,63.07
Djibouti,DJI,2005,0
Djibouti,DJI,2006,0
Djibouti,DJI,2007,0
Djibouti,DJI,2008,0
Djibouti,DJI,2009,0
Djibouti,DJI,2010,0
Djibouti,DJI,2011,0
Djibouti,DJI,2012,0
Djibouti,DJI,2013,0
Djibouti,DJI,2014,0
Djibouti,DJI,2015,0
Djibouti,DJI,2016,0
Djibouti,DJI,2017,0
Djibouti,DJI,2018,1.95
Djibouti,DJI,2019,10.61
Djibouti,DJI,2020,7.66
Djibouti,DJI,2021,0
Dominica,DMA,2000,0
Dominica,DMA,2001,0
Dominica,DMA,2002,0
Dominica,DMA,2003,2.31
Dominica,DMA,2004,2.32
Dominica,DMA,2005,0
Dominica,DMA,2006,0
Dominica,DMA,2007,6.03
Dominica,DMA,2008,0
Dominica,DMA,2009,0
Dominica,DMA,2010,3.86
Dominica,DMA,2011,0
Dominica,DMA,2012,0
Dominica,DMA,2013,0
Dominica,DMA,2014,0
Dominica,DMA,2015,37.44
Dominica,DMA,2016,0
Dominica,DMA,2017,66.91
Dominica,DMA,2018,0
Dominica,DMA,2019,0
Dominica,DMA,2020,0
Dominica,DMA,2021,0
Dominican Republic,DOM,2000,2.89
Dominican Republic,DOM,2001,4.83
Dominican Republic,DOM,2002,3.87
Dominican Republic,DOM,2003,20.27
Dominican Republic,DOM,2004,679.79
Dominican Republic,DOM,2005,12.57
Dominican Republic,DOM,2006,0.97
Dominican Republic,DOM,2007,170.54
Dominican Republic,DOM,2008,13.61
Dominican Republic,DOM,2009,9.75
Dominican Republic,DOM,2010,8.8
Dominican Republic,DOM,2011,11.73
Dominican Republic,DOM,2012,8.81
Dominican Republic,DOM,2013,0.98
Dominican Republic,DOM,2014,0.98
Dominican Republic,DOM,2015,1.96
Dominican Republic,DOM,2016,20.6
Dominican Republic,DOM,2017,4.9
Dominican Republic,DOM,2018,0
Dominican Republic,DOM,2019,0
Dominican Republic,DOM,2020,5.88
Dominican Republic,DOM,2021,1.96
East Timor,TLS,2000,0
East Timor,TLS,2001,1
East Timor,TLS,2002,0
East Timor,TLS,2003,3.04
East Timor,TLS,2004,0
East Timor,TLS,2005,0
East Timor,TLS,2006,0
East Timor,TLS,2007,1.03
East Timor,TLS,2008,0
East Timor,TLS,2009,0
East Timor,TLS,2010,0
East Timor,TLS,2011,0
East Timor,TLS,2012,0
East Timor,TLS,2013,0
East Timor,TLS,2014,0
East Timor,TLS,2015,0
East Timor,TLS,2016,0
East Timor,TLS,2017,0
East Timor,TLS,2018,0
East Timor,TLS,2019,0
East Timor,TLS,2020,2.83
East Timor,TLS,2021,38.27
Ecuador,ECU,2000,76.44
Ecuador,ECU,2001,105.68
Ecuador,ECU,2002,67.44
Ecuador,ECU,2003,21.5
Ecuador,ECU,2004,26.38
Ecuador,ECU,2005,24.44
Ecuador,ECU,2006,47.83
Ecuador,ECU,2007,17.52
Ecuador,ECU,2008,64.05
Ecuador,ECU,2009,31.93
Ecuador,ECU,2010,43.46
Ecuador,ECU,2011,32.78
Ecuador,ECU,2012,50.02
Ecuador,ECU,2013,35.54
Ecuador,ECU,2014,19.18
Ecuador,ECU,2015,33.56
Ecuador,ECU,2016,656.35
Ecuador,ECU,2017,27.73
Ecuador,ECU,2018,25.83
Ecuador,ECU,2019,31.51
Ecuador,ECU,2020,4.77
Ecuador,ECU,2021,5.73
Egypt,EGY,2000,2.24
Egypt,EGY,2001,1.12
Egypt,EGY,2002,27.86
Egypt,EGY,2003,2.23
Egypt,EGY,2004,17.7
Egypt,EGY,2005,6.61
Egypt,EGY,2006,2.18
Egypt,EGY,2007,4.35
Egypt,EGY,2008,105.6
Egypt,EGY,2009,2.13
Egypt,EGY,2010,65.43
Egypt,EGY,2011,2.1
Egypt,EGY,2012,5.23
Egypt,EGY,2013,7.31
Egypt,EGY,2014,5.24
Egypt,EGY,2015,43.03
Egypt,EGY,2016,65
Egypt,EGY,2017,2.08
Egypt,EGY,2018,3.16
Egypt,EGY,2019,27.37
Egypt,EGY,2020,42.25
Egypt,EGY,2021,3.17
El Salvador,SLV,2000,7.53
El Salvador,SLV,2001,1109.53
El Salvador,SLV,2002,5.74
El Salvador,SLV,2003,2.89
El Salvador,SLV,2004,1.94
El Salvador,SLV,2005,168.04
El Salvador,SLV,2006,4.92
El Salvador,SLV,2007,13.77
El Salvador,SLV,2008,35.19
El Salvador,SLV,2009,382.56
El Salvador,SLV,2010,21.22
El Salvador,SLV,2011,46.92
El Salvador,SLV,2012,0.95
El Salvador,SLV,2013,4.69
El Salvador,SLV,2014,8.37
El Salvador,SLV,2015,12.05
El Salvador,SLV,2016,0
El Salvador,SLV,2017,9.2
El Salvador,SLV,2018,3.67
El Salvador,SLV,2019,0.91
El Salvador,SLV,2020,67.91
El Salvador,SLV,2021,4.51
Equatorial Guinea,GNQ,2000,0
Equatorial Guinea,GNQ,2001,0
Equatorial Guinea,GNQ,2002,0
Equatorial Guinea,GNQ,2003,0
Equatorial Guinea,GNQ,2004,0
Equatorial Guinea,GNQ,2005,0
Equatorial Guinea,GNQ,2006,0
Equatorial Guinea,GNQ,2007,0
Equatorial Guinea,GNQ,2008,0
Equatorial Guinea,GNQ,2009,0
Equatorial Guinea,GNQ,2010,0
Equatorial Guinea,GNQ,2011,0
Equatorial Guinea,GNQ,2012,0
Equatorial Guinea,GNQ,2013,0
Equatorial Guinea,GNQ,2014,0
Equatorial Guinea,GNQ,2015,0
Equatorial Guinea,GNQ,2016,0
Equatorial Guinea,GNQ,2017,0
Equatorial Guinea,GNQ,2018,0
Equatorial Guinea,GNQ,2019,0
Equatorial Guinea,GNQ,2020,0
Equatorial Guinea,GNQ,2021,0
Eritrea,ERI,2000,0
Eritrea,ERI,2001,0
Eritrea,ERI,2002,0
Eritrea,ERI,2003,0
Eritrea,ERI,2004,0
Eritrea,ERI,2005,0
Eritrea,ERI,2006,0
Eritrea,ERI,2007,0
Eritrea,ERI,2008,0
Eritrea,ERI,2009,0
Eritrea,ERI,2010,0
Eritrea,ERI,2011,0
Eritrea,ERI,2012,0
Eritrea,ERI,2013,0
Eritrea,ERI,2014,0
Eritrea,ERI,2015,0
Eritrea,ERI,2016,0
Eritrea,ERI,2017,0
Eritrea,ERI,2018,0
Eritrea,ERI,2019,0
Eritrea,ERI,2020,0
Eritrea,ERI,2021,0
Estonia,EST,2000,1.01
Estonia,EST,2001,0
Estonia,EST,2002,1.01
Estonia,EST,2003,0
Estonia,EST,2004,0
Estonia,EST,2005,0
Estonia,EST,2006,1.01
Estonia,EST,2007,0
Estonia,EST,2008,0
Estonia,EST,2009,1.01
Estonia,EST,2010,0
Estonia,EST,2011,0
Estonia,EST,2012,1.01
Estonia,EST,2013,0
Estonia,EST,2014,0
Estonia,EST,2015,0
Estonia,EST,2016,0
Estonia,EST,2017,0
Estonia,EST,2018,0
Estonia,EST,2019,0
Estonia,EST,2020,0
Estonia,EST,2021,0
Eswatini,SWZ,2000,0
Eswatini,SWZ,2001,0
Eswatini,SWZ,2002,0
Eswatini,SWZ,2003,0
Eswatini,SWZ,2004,0
Eswatini,SWZ,2005,0
Eswatini,SWZ,2006,1.04
Eswatini,SWZ,2007,0
Eswatini,SWZ,2008,0
Eswatini,SWZ,2009,0
Eswatini,SWZ,2010,0
Eswatini,SWZ,2011,0
Eswatini,SWZ,2012,0
Eswatini,SWZ,2013,0
Eswatini,SWZ,2014,11.52
Eswatini,SWZ,2015,0
Eswatini,SWZ,2016,0
Eswatini,SWZ,2017,0
Eswatini,SWZ,2018,0
Eswatini,SWZ,2019,0
Eswatini,SWZ,2020,0
Eswatini,SWZ,2021,0
Ethiopia,ETH,2000,75.08
Ethiopia,ETH,2001,5.17
Ethiopia,ETH,2002,22.82
Ethiopia,ETH,2003,123.74
Ethiopia,ETH,2004,0
Ethiopia,ETH,2005,220.87
Ethiopia,ETH,2006,998.58
Ethiopia,ETH,2007,23.17
Ethiopia,ETH,2008,47.55
Ethiopia,ETH,2009,0
Ethiopia,ETH,2010,20.18
Ethiopia,ETH,2011,0
Ethiopia,ETH,2012,0
Ethiopia,ETH,2013,0
Ethiopia,ETH,2014,0
Ethiopia,ETH,2015,0
Ethiopia,ETH,2016,246.44
Ethiopia,ETH,2017,124.88
Ethiopia,ETH,2018,48.03
Ethiopia,ETH,2019,25.28
Ethiopia,ETH,2020,37.66
Ethiopia,ETH,2021,17.85
Europe,,2000,331.50998
Europe,,2001,281.05
Europe,,2002,600.38995
Europe,,2003,226.28
Europe,,2004,222.15
Europe,,2005,306.68
Europe,,2006,255.53
Europe,,2007,265.16
Europe,,2008,259.05
Europe,,2009,581.01
Europe,,2010,357.92
Europe,,2011,175.89
Europe,,2012,328.91
Europe,,2013,244.38
Europe,,2014,272.1
Europe,,2015,265.69
Europe,,2016,540.31
Europe,,2017,337.21
Europe,,2018,193.13
Europe,,2019,266.46
Europe,,2020,201.79
Europe,,2021,298.67
Fiji,FJI,2000,4.24
Fiji,FJI,2001,2.14
Fiji,FJI,2002,7.52
Fiji,FJI,2003,18.31
Fiji,FJI,2004,17.25
Fiji,FJI,2005,0
Fiji,FJI,2006,5.38
Fiji,FJI,2007,7.53
Fiji,FJI,2008,7.5
Fiji,FJI,2009,15.96
Fiji,FJI,2010,2.11
Fiji,FJI,2011,0
Fiji,FJI,2012,17.6
Fiji,FJI,2013,0
Fiji,FJI,2014,0
Fiji,FJI,2015,0
Fiji,FJI,2016,47.4
Fiji,FJI,2017,0
Fiji,FJI,2018,6.98
Fiji,FJI,2019,0.99
Fiji,FJI,2020,7.92
Fiji,FJI,2021,5.95
Finland,FIN,2000,2.94
Finland,FIN,2001,1.96
Finland,FIN,2002,0
Finland,FIN,2003,0
Finland,FIN,2004,0
Finland,FIN,2005,0
Finland,FIN,2006,0
Finland,FIN,2007,1.96
Finland,FIN,2008,0
Finland,FIN,2009,0.98
Finland,FIN,2010,0.98
Finland,FIN,2011,1.95
Finland,FIN,2012,0.98
Finland,FIN,2013,0.98
Finland,FIN,2014,0.98
Finland,FIN,2015,0
Finland,FIN,2016,0
Finland,FIN,2017,0.98
Finland,FIN,2018,0
Finland,FIN,2019,0
Finland,FIN,2020,0
Finland,FIN,2021,0
France,FRA,2000,23.05
France,FRA,2001,29.08
France,FRA,2002,49.09
France,FRA,2003,26
France,FRA,2004,24.98
France,FRA,2005,30.04
France,FRA,2006,47.11
France,FRA,2007,27.06
France,FRA,2008,17.03
France,FRA,2009,26.04
France,FRA,2010,71.11
France,FRA,2011,21.04
France,FRA,2012,12.03
France,FRA,2013,28.05
France,FRA,2014,19.02
France,FRA,2015,25.02
France,FRA,2016,20.98
France,FRA,2017,22.94
France,FRA,2018,19.93
France,FRA,2019,15.94
France,FRA,2020,19.86
France,FRA,2021,1.98
Gabon,GAB,2000,0
Gabon,GAB,2001,0
Gabon,GAB,2002,0
Gabon,GAB,2003,0
Gabon,GAB,2004,0
Gabon,GAB,2005,0
Gabon,GAB,2006,0
Gabon,GAB,2007,0
Gabon,GAB,2008,0
Gabon,GAB,2009,0
Gabon,GAB,2010,0
Gabon,GAB,2011,0
Gabon,GAB,2012,1.22
Gabon,GAB,2013,0
Gabon,GAB,2014,0
Gabon,GAB,2015,0
Gabon,GAB,2016,0
Gabon,GAB,2017,0
Gabon,GAB,2018,0
Gabon,GAB,2019,0
Gabon,GAB,2020,0
Gabon,GAB,2021,0
Gambia,GMB,2000,0
Gambia,GMB,2001,1.14
Gambia,GMB,2002,0
Gambia,GMB,2003,3.39
Gambia,GMB,2004,2.24
Gambia,GMB,2005,0
Gambia,GMB,2006,0
Gambia,GMB,2007,0
Gambia,GMB,2008,0
Gambia,GMB,2009,5.51
Gambia,GMB,2010,9.9
Gambia,GMB,2011,0
Gambia,GMB,2012,0
Gambia,GMB,2013,2.2
Gambia,GMB,2014,0
Gambia,GMB,2015,0
Gambia,GMB,2016,0
Gambia,GMB,2017,6.57
Gambia,GMB,2018,0
Gambia,GMB,2019,4.37
Gambia,GMB,2020,0
Gambia,GMB,2021,10.98
Georgia,GEO,2000,0
Georgia,GEO,2001,0
Georgia,GEO,2002,5.02
Georgia,GEO,2003,0
Georgia,GEO,2004,0.86
Georgia,GEO,2005,0
Georgia,GEO,2006,7.03
Georgia,GEO,2007,0.88
Georgia,GEO,2008,0
Georgia,GEO,2009,1.79
Georgia,GEO,2010,1.81
Georgia,GEO,2011,6.39
Georgia,GEO,2012,1.85
Georgia,GEO,2013,1.86
Georgia,GEO,2014,5.64
Georgia,GEO,2015,5.7
Georgia,GEO,2016,0
Georgia,GEO,2017,0
Georgia,GEO,2018,0.97
Georgia,GEO,2019,2.94
Georgia,GEO,2020,9.84
Georgia,GEO,2021,0
Germany,DEU,2000,0.98
Germany,DEU,2001,8.82
Germany,DEU,2002,32.28
Germany,DEU,2003,1.95
Germany,DEU,2004,1.94
Germany,DEU,2005,5.82
Germany,DEU,2006,7.77
Germany,DEU,2007,19.49
Germany,DEU,2008,4.89
Germany,DEU,2009,7.81
Germany,DEU,2010,6.86
Germany,DEU,2011,8.89
Germany,DEU,2012,0.99
Germany,DEU,2013,10.88
Germany,DEU,2014,9.87
Germany,DEU,2015,6.9
Germany,DEU,2016,6.9
Germany,DEU,2017,5.92
Germany,DEU,2018,3.95
Germany,DEU,2019,4.96
Germany,DEU,2020,0
Germany,DEU,2021,197.11
Ghana,GHA,2000,0
Ghana,GHA,2001,12.59
Ghana,GHA,2002,4.2
Ghana,GHA,2003,0
Ghana,GHA,2004,0
Ghana,GHA,2005,0
Ghana,GHA,2006,0
Ghana,GHA,2007,57.88
Ghana,GHA,2008,0
Ghana,GHA,2009,40.82
Ghana,GHA,2010,63.91
Ghana,GHA,2011,20.18
Ghana,GHA,2012,0
Ghana,GHA,2013,5
Ghana,GHA,2014,0
Ghana,GHA,2015,24.71
Ghana,GHA,2016,9.83
Ghana,GHA,2017,19.49
Ghana,GHA,2018,32.9
Ghana,GHA,2019,30.83
Ghana,GHA,2020,6.72
Ghana,GHA,2021,8.63
Greece,GRC,2000,1.03
Greece,GRC,2001,12.36
Greece,GRC,2002,2.06
Greece,GRC,2003,1.03
Greece,GRC,2004,0
Greece,GRC,2005,1.03
Greece,GRC,2006,4.11
Greece,GRC,2007,2.05
Greece,GRC,2008,2.05
Greece,GRC,2009,0
Greece,GRC,2010,1.02
Greece,GRC,2011,0
Greece,GRC,2012,1.01
Greece,GRC,2013,0
Greece,GRC,2014,7.05
Greece,GRC,2015,7.03
Greece,GRC,2016,5.99
Greece,GRC,2017,28.91
Greece,GRC,2018,2.99
Greece,GRC,2019,6.98
Greece,GRC,2020,41.89
Greece,GRC,2021,1
Grenada,GRD,2000,0
Grenada,GRD,2001,0
Grenada,GRD,2002,0
Grenada,GRD,2003,0
Grenada,GRD,2004,20.2
Grenada,GRD,2005,1.16
Grenada,GRD,2006,0
Grenada,GRD,2007,0
Grenada,GRD,2008,0
Grenada,GRD,2009,0
Grenada,GRD,2010,0
Grenada,GRD,2011,0
Grenada,GRD,2012,0
Grenada,GRD,2013,0
Grenada,GRD,2014,0
Grenada,GRD,2015,0
Grenada,GRD,2016,0
Grenada,GRD,2017,0
Grenada,GRD,2018,0
Grenada,GRD,2019,0
Grenada,GRD,2020,0
Grenada,GRD,2021,0
Guatemala,GTM,2000,44.3
Guatemala,GTM,2001,7.53
Guatemala,GTM,2002,76.23
Guatemala,GTM,2003,28.93
Guatemala,GTM,2004,6.43
Guatemala,GTM,2005,347.71
Guatemala,GTM,2006,21.49
Guatemala,GTM,2007,24.76
Guatemala,GTM,2008,66.92
Guatemala,GTM,2009,2.16
Guatemala,GTM,2010,191.7
Guatemala,GTM,2011,81.38
Guatemala,GTM,2012,7.61
Guatemala,GTM,2013,11.97
Guatemala,GTM,2014,19.62
Guatemala,GTM,2015,7.66
Guatemala,GTM,2016,10.97
Guatemala,GTM,2017,23.11
Guatemala,GTM,2018,7.72
Guatemala,GTM,2019,6.62
Guatemala,GTM,2020,184.73
Guatemala,GTM,2021,2.21
Guinea,GIN,2000,4.09
Guinea,GIN,2001,9.2
Guinea,GIN,2002,0
Guinea,GIN,2003,0
Guinea,GIN,2004,0
Guinea,GIN,2005,0
Guinea,GIN,2006,0
Guinea,GIN,2007,0
Guinea,GIN,2008,0
Guinea,GIN,2009,2.03
Guinea,GIN,2010,8.12
Guinea,GIN,2011,0
Guinea,GIN,2012,0
Guinea,GIN,2013,0
Guinea,GIN,2014,0
Guinea,GIN,2015,16.08
Guinea,GIN,2016,0
Guinea,GIN,2017,0
Guinea,GIN,2018,0
Guinea,GIN,2019,0
Guinea,GIN,2020,0
Guinea,GIN,2021,5.02
Guinea-Bissau,GNB,2000,0
Guinea-Bissau,GNB,2001,0
Guinea-Bissau,GNB,2002,0
Guinea-Bissau,GNB,2003,0
Guinea-Bissau,GNB,2004,3.18
Guinea-Bissau,GNB,2005,0
Guinea-Bissau,GNB,2006,0
Guinea-Bissau,GNB,2007,0
Guinea-Bissau,GNB,2008,0
Guinea-Bissau,GNB,2009,0
Guinea-Bissau,GNB,2010,2.06
Guinea-Bissau,GNB,2011,0
Guinea-Bissau,GNB,2012,0
Guinea-Bissau,GNB,2013,0
Guinea-Bissau,GNB,2014,0
Guinea-Bissau,GNB,2015,0
Guinea-Bissau,GNB,2016,0
Guinea-Bissau,GNB,2017,0
Guinea-Bissau,GNB,2018,3.03
Guinea-Bissau,GNB,2019,0
Guinea-Bissau,GNB,2020,0
Guinea-Bissau,GNB,2021,0
Guyana,GUY,2000,0
Guyana,GUY,2001,0
Guyana,GUY,2002,0
Guyana,GUY,2003,0
Guyana,GUY,2004,0
Guyana,GUY,2005,33.74
Guyana,GUY,2006,0
Guyana,GUY,2007,0
Guyana,GUY,2008,0
Guyana,GUY,2009,0
Guyana,GUY,2010,0
Guyana,GUY,2011,0
Guyana,GUY,2012,0
Guyana,GUY,2013,0
Guyana,GUY,2014,0
Guyana,GUY,2015,0
Guyana,GUY,2016,0
Guyana,GUY,2017,0
Guyana,GUY,2018,0
Guyana,GUY,2019,0
Guyana,GUY,2020,0
Guyana,GUY,2021,0
Haiti,HTI,2000,16.56
Haiti,HTI,2001,26.66
Haiti,HTI,2002,37.52
Haiti,HTI,2003,90.35
Haiti,HTI,2004,5395.03
Haiti,HTI,2005,86.82
Haiti,HTI,2006,15.65
Haiti,HTI,2007,158.03
Haiti,HTI,2008,671.23
Haiti,HTI,2009,20.05
Haiti,HTI,2010,152750.84
Haiti,HTI,2011,37.45
Haiti,HTI,2012,123.72
Haiti,HTI,2013,5.66
Haiti,HTI,2014,11.24
Haiti,HTI,2015,10.24
Haiti,HTI,2016,553.62
Haiti,HTI,2017,32.13
Haiti,HTI,2018,15.5
Haiti,HTI,2019,12.69
Haiti,HTI,2020,35.2
Haiti,HTI,2021,2323.97
Honduras,HND,2000,0
Honduras,HND,2001,22.16
Honduras,HND,2002,11.57
Honduras,HND,2003,10.47
Honduras,HND,2004,0
Honduras,HND,2005,63.04
Honduras,HND,2006,4.1
Honduras,HND,2007,7.11
Honduras,HND,2008,67.46
Honduras,HND,2009,7.99
Honduras,HND,2010,142.58
Honduras,HND,2011,32.43
Honduras,HND,2012,0.98
Honduras,HND,2013,0
Honduras,HND,2014,3.86
Honduras,HND,2015,0
Honduras,HND,2016,6.69
Honduras,HND,2017,19.99
Honduras,HND,2018,5.69
Honduras,HND,2019,0
Honduras,HND,2020,124.85
Honduras,HND,2021,0
Hungary,HUN,2000,1
Hungary,HUN,2001,1
Hungary,HUN,2002,0
Hungary,HUN,2003,6.97
Hungary,HUN,2004,0
Hungary,HUN,2005,3.98
Hungary,HUN,2006,4.97
Hungary,HUN,2007,0
Hungary,HUN,2008,0
Hungary,HUN,2009,0
Hungary,HUN,2010,0.99
Hungary,HUN,2011,0
Hungary,HUN,2012,0
Hungary,HUN,2013,0
Hungary,HUN,2014,0
Hungary,HUN,2015,0
Hungary,HUN,2016,0
Hungary,HUN,2017,0
Hungary,HUN,2018,0
Hungary,HUN,2019,0
Hungary,HUN,2020,0
Hungary,HUN,2021,0
Iceland,ISL,2000,0
Iceland,ISL,2001,0
Iceland,ISL,2002,0
Iceland,ISL,2003,0
Iceland,ISL,2004,1
Iceland,ISL,2005,0
Iceland,ISL,2006,1
Iceland,ISL,2007,0
Iceland,ISL,2008,0
Iceland,ISL,2009,0
Iceland,ISL,2010,0
Iceland,ISL,2011,0
Iceland,ISL,2012,0
Iceland,ISL,2013,0
Iceland,ISL,2014,0
Iceland,ISL,2015,0
Iceland,ISL,2016,0
Iceland,ISL,2017,0.97
Iceland,ISL,2018,0
Iceland,ISL,2019,0
Iceland,ISL,2020,0.98
Iceland,ISL,2021,0
India,IND,2000,2394.42
India,IND,2001,21828.06
India,IND,2002,921.81
India,IND,2003,667.32
India,IND,2004,18372.77
India,IND,2005,3895.07
India,IND,2006,1415.48
India,IND,2007,2084.34
India,IND,2008,1756.44
India,IND,2009,1782.76
India,IND,2010,994.65
India,IND,2011,823.2
India,IND,2012,332.59
India,IND,2013,6501.93
India,IND,2014,883.84
India,IND,2015,1143.37
India,IND,2016,817.1
India,IND,2017,2071.48
India,IND,2018,1329.48
India,IND,2019,2236.38
India,IND,2020,2412.07
India,IND,2021,2119.67
Indonesia,IDN,2000,553.27
Indonesia,IDN,2001,595.06
Indonesia,IDN,2002,288.03
Indonesia,IDN,2003,472.38
Indonesia,IDN,2004,168811.75
Indonesia,IDN,2005,1233.97
Indonesia,IDN,2006,7579.52
Indonesia,IDN,2007,718.98
Indonesia,IDN,2008,137.24
Indonesia,IDN,2009,1561.54
Indonesia,IDN,2010,1354.49
Indonesia,IDN,2011,135.52
Indonesia,IDN,2012,112.9
Indonesia,IDN,2013,182.88
Indonesia,IDN,2014,257.02
Indonesia,IDN,2015,57.11
Indonesia,IDN,2016,284.93
Indonesia,IDN,2017,104.23
Indonesia,IDN,2018,5557.92
Indonesia,IDN,2019,473.96
Indonesia,IDN,2020,253.33
Indonesia,IDN,2021,507.64
Iran,IRN,2000,13.49
Iran,IRN,2001,573.71
Iran,IRN,2002,276.92
Iran,IRN,2003,26393.23
Iran,IRN,2004,667.08
Iran,IRN,2005,696.41
Iran,IRN,2006,75.48
Iran,IRN,2007,22.6
Iran,IRN,2008,54.46
Iran,IRN,2009,0
Iran,IRN,2010,18.68
Iran,IRN,2011,1.86
Iran,IRN,2012,302.84
Iran,IRN,2013,64.78
Iran,IRN,2014,51.11
Iran,IRN,2015,60.75
Iran,IRN,2016,37.74
Iran,IRN,2017,827.1
Iran,IRN,2018,10.85
Iran,IRN,2019,132.16
Iran,IRN,2020,51.89
Iran,IRN,2021,26.18
Iraq,IRQ,2000,0
Iraq,IRQ,2001,0
Iraq,IRQ,2002,0
Iraq,IRQ,2003,0
Iraq,IRQ,2004,0
Iraq,IRQ,2005,0
Iraq,IRQ,2006,19.9
Iraq,IRQ,2007,0
Iraq,IRQ,2008,4.97
Iraq,IRQ,2009,2.01
Iraq,IRQ,2010,0
Iraq,IRQ,2011,6.09
Iraq,IRQ,2012,5.14
Iraq,IRQ,2013,12.43
Iraq,IRQ,2014,0
Iraq,IRQ,2015,60.19
Iraq,IRQ,2016,0
Iraq,IRQ,2017,10.42
Iraq,IRQ,2018,21.95
Iraq,IRQ,2019,10.51
Iraq,IRQ,2020,8.47
Iraq,IRQ,2021,17.06
Ireland,IRL,2000,0.98
Ireland,IRL,2001,0
Ireland,IRL,2002,0
Ireland,IRL,2003,0
Ireland,IRL,2004,0
Ireland,IRL,2005,1.96
Ireland,IRL,2006,0
Ireland,IRL,2007,0
Ireland,IRL,2008,0
Ireland,IRL,2009,0
Ireland,IRL,2010,0
Ireland,IRL,2011,1.96
Ireland,IRL,2012,0
Ireland,IRL,2013,0
Ireland,IRL,2014,0.98
Ireland,IRL,2015,1.95
Ireland,IRL,2016,0
Ireland,IRL,2017,0
Ireland,IRL,2018,1.98
Ireland,IRL,2019,0
Ireland,IRL,2020,0
Ireland,IRL,2021,0
Israel,ISR,2000,2.94
Israel,ISR,2001,1.96
Israel,ISR,2002,1.95
Israel,ISR,2003,0
Israel,ISR,2004,0
Israel,ISR,2005,0
Israel,ISR,2006,0
Israel,ISR,2007,0
Israel,ISR,2008,0
Israel,ISR,2009,0
Israel,ISR,2010,1.92
Israel,ISR,2011,0
Israel,ISR,2012,0
Israel,ISR,2013,3.79
Israel,ISR,2014,0
Israel,ISR,2015,0
Israel,ISR,2016,0
Israel,ISR,2017,0
Israel,ISR,2018,11.21
Israel,ISR,2019,0
Israel,ISR,2020,6.51
Israel,ISR,2021,0
Italy,ITA,2000,68.53
Italy,ITA,2001,10.05
Italy,ITA,2002,26.1
Italy,ITA,2003,34.14
Italy,ITA,2004,24.14
Italy,ITA,2005,12.09
Italy,ITA,2006,19.98
Italy,ITA,2007,10.04
Italy,ITA,2008,20.05
Italy,ITA,2009,382.49
Italy,ITA,2010,43.06
Italy,ITA,2011,32.89
Italy,ITA,2012,45.06
Italy,ITA,2013,39.07
Italy,ITA,2014,36.08
Italy,ITA,2015,42.5
Italy,ITA,2016,320.16
Italy,ITA,2017,94.97
Italy,ITA,2018,55.4
Italy,ITA,2019,1.99
Italy,ITA,2020,18.99
Italy,ITA,2021,1
Jamaica,JAM,2000,0.91
Jamaica,JAM,2001,0.89
Jamaica,JAM,2002,11.45
Jamaica,JAM,2003,0
Jamaica,JAM,2004,13.79
Jamaica,JAM,2005,5.12
Jamaica,JAM,2006,0.85
Jamaica,JAM,2007,4.19
Jamaica,JAM,2008,10.78
Jamaica,JAM,2009,0
Jamaica,JAM,2010,12.37
Jamaica,JAM,2011,0
Jamaica,JAM,2012,0.82
Jamaica,JAM,2013,0.82
Jamaica,JAM,2014,0
Jamaica,JAM,2015,0
Jamaica,JAM,2016,0
Jamaica,JAM,2017,0
Jamaica,JAM,2018,0
Jamaica,JAM,2019,0
Jamaica,JAM,2020,0
Jamaica,JAM,2021,0
Japan,JPN,2000,50.2
Japan,JPN,2001,43.13
Japan,JPN,2002,26.99
Japan,JPN,2003,79.08
Japan,JPN,2004,362.61
Japan,JPN,2005,114.2
Japan,JPN,2006,148.98
Japan,JPN,2007,50.76
Japan,JPN,2008,47.69
Japan,JPN,2009,90.75
Japan,JPN,2010,30.48
Japan,JPN,2011,18713.22
Japan,JPN,2012,226.91
Japan,JPN,2013,104.92
Japan,JPN,2014,325.7
Japan,JPN,2015,41.98
Japan,JPN,2016,108.46
Japan,JPN,2017,108.64
Japan,JPN,2018,557.31
Japan,JPN,2019,141.77
Japan,JPN,2020,159.17
Japan,JPN,2021,62.41
Jordan,JOR,2000,9.44
Jordan,JOR,2001,0
Jordan,JOR,2002,5.19
Jordan,JOR,2003,0
Jordan,JOR,2004,0
Jordan,JOR,2005,0
Jordan,JOR,2006,0
Jordan,JOR,2007,0
Jordan,JOR,2008,0
Jordan,JOR,2009,0
Jordan,JOR,2010,1.9
Jordan,JOR,2011,0
Jordan,JOR,2012,0
Jordan,JOR,2013,0
Jordan,JOR,2014,0
Jordan,JOR,2015,0.99
Jordan,JOR,2016,0
Jordan,JOR,2017,0
Jordan,JOR,2018,32.76
Jordan,JOR,2019,0
Jordan,JOR,2020,0
Jordan,JOR,2021,0
Kazakhstan,KAZ,2000,0
Kazakhstan,KAZ,2001,0
Kazakhstan,KAZ,2002,0
Kazakhstan,KAZ,2003,3.07
Kazakhstan,KAZ,2004,8.05
Kazakhstan,KAZ,2005,7.58
Kazakhstan,KAZ,2006,6.9
Kazakhstan,KAZ,2007,6.83
Kazakhstan,KAZ,2008,6.16
Kazakhstan,KAZ,2009,5.04
Kazakhstan,KAZ,2010,5.6
Kazakhstan,KAZ,2011,5.67
Kazakhstan,KAZ,2012,5.45
Kazakhstan,KAZ,2013,3.1
Kazakhstan,KAZ,2014,8.28
Kazakhstan,KAZ,2015,5.19
Kazakhstan,KAZ,2016,0
Kazakhstan,KAZ,2017,15.56
Kazakhstan,KAZ,2018,0
Kazakhstan,KAZ,2019,0
Kazakhstan,KAZ,2020,0
Kazakhstan,KAZ,2021,0
Kenya,KEN,2000,0
Kenya,KEN,2001,4.03
Kenya,KEN,2002,101.84
Kenya,KEN,2003,40.36
Kenya,KEN,2004,55.56
Kenya,KEN,2005,26.33
Kenya,KEN,2006,215.35
Kenya,KEN,2007,39.77
Kenya,KEN,2008,66.57
Kenya,KEN,2009,37.03
Kenya,KEN,2010,231.25
Kenya,KEN,2011,34.21
Kenya,KEN,2012,75.98
Kenya,KEN,2013,133.71
Kenya,KEN,2014,0
Kenya,KEN,2015,86.4
Kenya,KEN,2016,103.95
Kenya,KEN,2017,27.77
Kenya,KEN,2018,144.01
Kenya,KEN,2019,202.23
Kenya,KEN,2020,325.28
Kenya,KEN,2021,9.93
Kiribati,KIR,2000,0
Kiribati,KIR,2001,0
Kiribati,KIR,2002,0
Kiribati,KIR,2003,0
Kiribati,KIR,2004,0
Kiribati,KIR,2005,0
Kiribati,KIR,2006,0
Kiribati,KIR,2007,0
Kiribati,KIR,2008,0
Kiribati,KIR,2009,0
Kiribati,KIR,2010,0
Kiribati,KIR,2011,0
Kiribati,KIR,2012,0
Kiribati,KIR,2013,0
Kiribati,KIR,2014,0
Kiribati,KIR,2015,0
Kiribati,KIR,2016,0
Kiribati,KIR,2017,0
Kiribati,KIR,2018,0
Kiribati,KIR,2019,0
Kiribati,KIR,2020,0
Kiribati,KIR,2021,0
Kuwait,KWT,2000,0
Kuwait,KWT,2001,0
Kuwait,KWT,2002,0
Kuwait,KWT,2003,0
Kuwait,KWT,2004,0
Kuwait,KWT,2005,0
Kuwait,KWT,2006,0
Kuwait,KWT,2007,0
Kuwait,KWT,2008,0
Kuwait,KWT,2009,0
Kuwait,KWT,2010,0
Kuwait,KWT,2011,0
Kuwait,KWT,2012,0
Kuwait,KWT,2013,0
Kuwait,KWT,2014,0
Kuwait,KWT,2015,0
Kuwait,KWT,2016,0
Kuwait,KWT,2017,0
Kuwait,KWT,2018,0.91
Kuwait,KWT,2019,0
Kuwait,KWT,2020,0
Kuwait,KWT,2021,0
Kyrgyzstan,KGZ,2000,7.64
Kyrgyzstan,KGZ,2001,6.68
Kyrgyzstan,KGZ,2002,11.45
Kyrgyzstan,KGZ,2003,41.11
Kyrgyzstan,KGZ,2004,45.03
Kyrgyzstan,KGZ,2005,22.05
Kyrgyzstan,KGZ,2006,12.45
Kyrgyzstan,KGZ,2007,2.87
Kyrgyzstan,KGZ,2008,76.24
Kyrgyzstan,KGZ,2009,24.75
Kyrgyzstan,KGZ,2010,10.46
Kyrgyzstan,KGZ,2011,3.8
Kyrgyzstan,KGZ,2012,11.38
Kyrgyzstan,KGZ,2013,7.57
Kyrgyzstan,KGZ,2014,8.51
Kyrgyzstan,KGZ,2015,16.08
Kyrgyzstan,KGZ,2016,10.38
Kyrgyzstan,KGZ,2017,42.4
Kyrgyzstan,KGZ,2018,4.7
Kyrgyzstan,KGZ,2019,3.76
Kyrgyzstan,KGZ,2020,0
Kyrgyzstan,KGZ,2021,14.05
Laos,LAO,2000,15.44
Laos,LAO,2001,0
Laos,LAO,2002,2.06
Laos,LAO,2003,0
Laos,LAO,2004,0
Laos,LAO,2005,0
Laos,LAO,2006,0
Laos,LAO,2007,0
Laos,LAO,2008,6.16
Laos,LAO,2009,26.72
Laos,LAO,2010,0
Laos,LAO,2011,49.55
Laos,LAO,2012,0
Laos,LAO,2013,23.84
Laos,LAO,2014,0
Laos,LAO,2015,4.13
Laos,LAO,2016,5.12
Laos,LAO,2017,0
Laos,LAO,2018,137.58
Laos,LAO,2019,19.14
Laos,LAO,2020,2.01
Laos,LAO,2021,0
Latvia,LVA,2000,0
Latvia,LVA,2001,0
Latvia,LVA,2002,0
Latvia,LVA,2003,0
Latvia,LVA,2004,0
Latvia,LVA,2005,0
Latvia,LVA,2006,0
Latvia,LVA,2007,2.02
Latvia,LVA,2008,0
Latvia,LVA,2009,0
Latvia,LVA,2010,0
Latvia,LVA,2011,0
Latvia,LVA,2012,0
Latvia,LVA,2013,1.02
Latvia,LVA,2014,0
Latvia,LVA,2015,0
Latvia,LVA,2016,0
Latvia,LVA,2017,0
Latvia,LVA,2018,0
Latvia,LVA,2019,0
Latvia,LVA,2020,0
Latvia,LVA,2021,0
Lebanon,LBN,2000,0
Lebanon,LBN,2001,0
Lebanon,LBN,2002,0
Lebanon,LBN,2003,0
Lebanon,LBN,2004,0
Lebanon,LBN,2005,0
Lebanon,LBN,2006,0
Lebanon,LBN,2007,0
Lebanon,LBN,2008,0
Lebanon,LBN,2009,0
Lebanon,LBN,2010,0
Lebanon,LBN,2011,0
Lebanon,LBN,2012,0
Lebanon,LBN,2013,0
Lebanon,LBN,2014,0
Lebanon,LBN,2015,5.18
Lebanon,LBN,2016,0
Lebanon,LBN,2017,0
Lebanon,LBN,2018,14.75
Lebanon,LBN,2019,2.89
Lebanon,LBN,2020,0
Lebanon,LBN,2021,0
Lesotho,LSO,2000,0
Lesotho,LSO,2001,1.16
Lesotho,LSO,2002,0
Lesotho,LSO,2003,0
Lesotho,LSO,2004,0
Lesotho,LSO,2005,0
Lesotho,LSO,2006,0
Lesotho,LSO,2007,0
Lesotho,LSO,2008,0
Lesotho,LSO,2009,0
Lesotho,LSO,2010,0
Lesotho,LSO,2011,30.27
Lesotho,LSO,2012,0
Lesotho,LSO,2013,0
Lesotho,LSO,2014,0
Lesotho,LSO,2015,0
Lesotho,LSO,2016,0
Lesotho,LSO,2017,0
Lesotho,LSO,2018,0
Lesotho,LSO,2019,0
Lesotho,LSO,2020,0
Lesotho,LSO,2021,0
Liberia,LBR,2000,0
Liberia,LBR,2001,0
Liberia,LBR,2002,0
Liberia,LBR,2003,0
Liberia,LBR,2004,0
Liberia,LBR,2005,0
Liberia,LBR,2006,0
Liberia,LBR,2007,1.03
Liberia,LBR,2008,0
Liberia,LBR,2009,2.06
Liberia,LBR,2010,1.03
Liberia,LBR,2011,0
Liberia,LBR,2012,0
Liberia,LBR,2013,0
Liberia,LBR,2014,0
Liberia,LBR,2015,0
Liberia,LBR,2016,0
Liberia,LBR,2017,0
Liberia,LBR,2018,0
Liberia,LBR,2019,0
Liberia,LBR,2020,0
Liberia,LBR,2021,0
Libya,LBY,2000,0
Libya,LBY,2001,0
Libya,LBY,2002,0
Libya,LBY,2003,0
Libya,LBY,2004,0
Libya,LBY,2005,0
Libya,LBY,2006,0
Libya,LBY,2007,0
Libya,LBY,2008,0
Libya,LBY,2009,0
Libya,LBY,2010,0
Libya,LBY,2011,0
Libya,LBY,2012,0
Libya,LBY,2013,15.62
Libya,LBY,2014,0
Libya,LBY,2015,0
Libya,LBY,2016,0
Libya,LBY,2017,0
Libya,LBY,2018,0
Libya,LBY,2019,4.06
Libya,LBY,2020,0
Libya,LBY,2021,0
Lithuania,LTU,2000,0
Lithuania,LTU,2001,1.04
Lithuania,LTU,2002,1.04
Lithuania,LTU,2003,0
Lithuania,LTU,2004,0
Lithuania,LTU,2005,1.04
Lithuania,LTU,2006,2.08
Lithuania,LTU,2007,0
Lithuania,LTU,2008,1.04
Lithuania,LTU,2009,0
Lithuania,LTU,2010,4.16
Lithuania,LTU,2011,0
Lithuania,LTU,2012,0
Lithuania,LTU,2013,0
Lithuania,LTU,2014,0
Lithuania,LTU,2015,0
Lithuania,LTU,2016,0
Lithuania,LTU,2017,0
Lithuania,LTU,2018,0
Lithuania,LTU,2019,0
Lithuania,LTU,2020,0
Lithuania,LTU,2021,0
Luxembourg,LUX,2000,2
Luxembourg,LUX,2001,0
Luxembourg,LUX,2002,0
Luxembourg,LUX,2003,0
Luxembourg,LUX,2004,0
Luxembourg,LUX,2005,0
Luxembourg,LUX,2006,0
Luxembourg,LUX,2007,0
Luxembourg,LUX,2008,0
Luxembourg,LUX,2009,0
Luxembourg,LUX,2010,0
Luxembourg,LUX,2011,0
Luxembourg,LUX,2012,0
Luxembourg,LUX,2013,0
Luxembourg,LUX,2014,0
Luxembourg,LUX,2015,0
Luxembourg,LUX,2016,0
Luxembourg,LUX,2017,0
Luxembourg,LUX,2018,0
Luxembourg,LUX,2019,0
Luxembourg,LUX,2020,0
Luxembourg,LUX,2021,0
Madagascar,MDG,2000,160.46
Madagascar,MDG,2001,0
Madagascar,MDG,2002,23.99
Madagascar,MDG,2003,109.28
Madagascar,MDG,2004,410.53
Madagascar,MDG,2005,111.12
Madagascar,MDG,2006,4.15
Madagascar,MDG,2007,94.43
Madagascar,MDG,2008,108.9
Madagascar,MDG,2009,28
Madagascar,MDG,2010,124.31
Madagascar,MDG,2011,36.16
Madagascar,MDG,2012,115.36
Madagascar,MDG,2013,52.42
Madagascar,MDG,2014,17.46
Madagascar,MDG,2015,124.4
Madagascar,MDG,2016,0
Madagascar,MDG,2017,83.92
Madagascar,MDG,2018,97.86
Madagascar,MDG,2019,17.8
Madagascar,MDG,2020,46.46
Madagascar,MDG,2021,3.19
Malawi,MWI,2000,0
Malawi,MWI,2001,65
Malawi,MWI,2002,9.96
Malawi,MWI,2003,13.35
Malawi,MWI,2004,0
Malawi,MWI,2005,12.77
Malawi,MWI,2006,9.82
Malawi,MWI,2007,2.27
Malawi,MWI,2008,0
Malawi,MWI,2009,4.49
Malawi,MWI,2010,0
Malawi,MWI,2011,4.43
Malawi,MWI,2012,1.45
Malawi,MWI,2013,6.22
Malawi,MWI,2014,0
Malawi,MWI,2015,306.71
Malawi,MWI,2016,12.95
Malawi,MWI,2017,0
Malawi,MWI,2018,5.37
Malawi,MWI,2019,136.35
Malawi,MWI,2020,1.07
Malawi,MWI,2021,14.04
Malaysia,MYS,2000,16.61
Malaysia,MYS,2001,9.31
Malaysia,MYS,2002,21.28
Malaysia,MYS,2003,12.99
Malaysia,MYS,2004,100.97
Malaysia,MYS,2005,12.28
Malaysia,MYS,2006,15.4
Malaysia,MYS,2007,49.79
Malaysia,MYS,2008,7.31
Malaysia,MYS,2009,6.3
Malaysia,MYS,2010,4.2
Malaysia,MYS,2011,29.2
Malaysia,MYS,2012,6.25
Malaysia,MYS,2013,5.21
Malaysia,MYS,2014,19.79
Malaysia,MYS,2015,26.04
Malaysia,MYS,2016,0
Malaysia,MYS,2017,9.35
Malaysia,MYS,2018,2.08
Malaysia,MYS,2019,2.08
Malaysia,MYS,2020,0
Malaysia,MYS,2021,53.04
Maldives,MDV,2000,0
Maldives,MDV,2001,0
Maldives,MDV,2002,0
Maldives,MDV,2003,0
Maldives,MDV,2004,102.84
Maldives,MDV,2005,0
Maldives,MDV,2006,0
Maldives,MDV,2007,0
Maldives,MDV,2008,0
Maldives,MDV,2009,0
Maldives,MDV,2010,0
Maldives,MDV,2011,0
Maldives,MDV,2012,0
Maldives,MDV,2013,0
Maldives,MDV,2014,0
Maldives,MDV,2015,0
Maldives,MDV,2016,0
Maldives,MDV,2017,0
Maldives,MDV,2018,0
Maldives,MDV,2019,0
Maldives,MDV,2020,0
Maldives,MDV,2021,0
Mali,MLI,2000,15.71
Mali,MLI,2001,2.09
Mali,MLI,2002,2.08
Mali,MLI,2003,0
Mali,MLI,2004,0
Mali,MLI,2005,0
Mali,MLI,2006,1.02
Mali,MLI,2007,18.18
Mali,MLI,2008,0
Mali,MLI,2009,24.84
Mali,MLI,2010,0
Mali,MLI,2011,0.98
Mali,MLI,2012,0
Mali,MLI,2013,35.63
Mali,MLI,2014,0
Mali,MLI,2015,4.73
Mali,MLI,2016,12.21
Mali,MLI,2017,0
Mali,MLI,2018,0
Mali,MLI,2019,13.75
Mali,MLI,2020,0
Mali,MLI,2021,0
Malta,MLT,2000,0
Malta,MLT,2001,0
Malta,MLT,2002,0
Malta,MLT,2003,0
Malta,MLT,2004,0
Malta,MLT,2005,0
Malta,MLT,2006,0
Malta,MLT,2007,0
Malta,MLT,2008,0
Malta,MLT,2009,0
Malta,MLT,2010,0
Malta,MLT,2011,0
Malta,MLT,2012,0
Malta,MLT,2013,0
Malta,MLT,2014,0
Malta,MLT,2015,0
Malta,MLT,2016,0
Malta,MLT,2017,0
Malta,MLT,2018,0
Malta,MLT,2019,0
Malta,MLT,2020,0
Malta,MLT,2021,0
Marshall Islands,MHL,2000,0
Marshall Islands,MHL,2001,0
Marshall Islands,MHL,2002,0
Marshall Islands,MHL,2003,0
Marshall Islands,MHL,2004,0
Marshall Islands,MHL,2005,0
Marshall Islands,MHL,2006,0
Marshall Islands,MHL,2007,0
Marshall Islands,MHL,2008,0
Marshall Islands,MHL,2009,0
Marshall Islands,MHL,2010,0
Marshall Islands,MHL,2011,0
Marshall Islands,MHL,2012,0
Marshall Islands,MHL,2013,0
Marshall Islands,MHL,2014,0
Marshall Islands,MHL,2015,0
Marshall Islands,MHL,2016,0
Marshall Islands,MHL,2017,0
Marshall Islands,MHL,2018,0
Marshall Islands,MHL,2019,0
Marshall Islands,MHL,2020,0
Marshall Islands,MHL,2021,0
Mauritania,MRT,2000,0
Mauritania,MRT,2001,0
Mauritania,MRT,2002,24.89
Mauritania,MRT,2003,8.89
Mauritania,MRT,2004,0
Mauritania,MRT,2005,0
Mauritania,MRT,2006,6.84
Mauritania,MRT,2007,2.92
Mauritania,MRT,2008,0
Mauritania,MRT,2009,1
Mauritania,MRT,2010,0
Mauritania,MRT,2011,0
Mauritania,MRT,2012,0
Mauritania,MRT,2013,8.48
Mauritania,MRT,2014,0
Mauritania,MRT,2015,0
Mauritania,MRT,2016,0
Mauritania,MRT,2017,18.53
Mauritania,MRT,2018,0
Mauritania,MRT,2019,3.08
Mauritania,MRT,2020,9.27
Mauritania,MRT,2021,0
Mauritius,MUS,2000,0
Mauritius,MUS,2001,0
Mauritius,MUS,2002,3
Mauritius,MUS,2003,0
Mauritius,MUS,2004,0
Mauritius,MUS,2005,0
Mauritius,MUS,2006,0
Mauritius,MUS,2007,2.02
Mauritius,MUS,2008,0
Mauritius,MUS,2009,0
Mauritius,MUS,2010,0
Mauritius,MUS,2011,0
Mauritius,MUS,2012,0
Mauritius,MUS,2013,21.05
Mauritius,MUS,2014,0
Mauritius,MUS,2015,0
Mauritius,MUS,2016,0
Mauritius,MUS,2017,0
Mauritius,MUS,2018,0
Mauritius,MUS,2019,0
Mauritius,MUS,2020,0
Mauritius,MUS,2021,0
Mexico,MEX,2000,185.07
Mexico,MEX,2001,40.1
Mexico,MEX,2002,73.53
Mexico,MEX,2003,55.65
Mexico,MEX,2004,90.29
Mexico,MEX,2005,102.84
Mexico,MEX,2006,53.94
Mexico,MEX,2007,71.06
Mexico,MEX,2008,50.34
Mexico,MEX,2009,54.36
Mexico,MEX,2010,202.67
Mexico,MEX,2011,149.52
Mexico,MEX,2012,30.66
Mexico,MEX,2013,200.6
Mexico,MEX,2014,68.51
Mexico,MEX,2015,57.96
Mexico,MEX,2016,226.78
Mexico,MEX,2017,382.57
Mexico,MEX,2018,71.83
Mexico,MEX,2019,48.76
Mexico,MEX,2020,99.67
Mexico,MEX,2021,70.51
Micronesia (country),FSM,2000,0
Micronesia (country),FSM,2001,0
Micronesia (country),FSM,2002,49.39
Micronesia (country),FSM,2003,0
Micronesia (country),FSM,2004,1.05
Micronesia (country),FSM,2005,0
Micronesia (country),FSM,2006,0
Micronesia (country),FSM,2007,0
Micronesia (country),FSM,2008,0
Micronesia (country),FSM,2009,0
Micronesia (country),FSM,2010,0
Micronesia (country),FSM,2011,0
Micronesia (country),FSM,2012,0
Micronesia (country),FSM,2013,0
Micronesia (country),FSM,2014,0
Micronesia (country),FSM,2015,5.45
Micronesia (country),FSM,2016,0
Micronesia (country),FSM,2017,0
Micronesia (country),FSM,2018,0
Micronesia (country),FSM,2019,0
Micronesia (country),FSM,2020,0
Micronesia (country),FSM,2021,0
Moldova,MDA,2000,0
Moldova,MDA,2001,0
Moldova,MDA,2002,1.01
Moldova,MDA,2003,0
Moldova,MDA,2004,0.99
Moldova,MDA,2005,0
Moldova,MDA,2006,0
Moldova,MDA,2007,0
Moldova,MDA,2008,2.85
Moldova,MDA,2009,0
Moldova,MDA,2010,0.92
Moldova,MDA,2011,0
Moldova,MDA,2012,0
Moldova,MDA,2013,0
Moldova,MDA,2014,0
Moldova,MDA,2015,0
Moldova,MDA,2016,0
Moldova,MDA,2017,0
Moldova,MDA,2018,0.8
Moldova,MDA,2019,0
Moldova,MDA,2020,0
Moldova,MDA,2021,0
Monaco,MCO,2000,0
Monaco,MCO,2001,0
Monaco,MCO,2002,0
Monaco,MCO,2003,0
Monaco,MCO,2004,0
Monaco,MCO,2005,0
Monaco,MCO,2006,0
Monaco,MCO,2007,0
Monaco,MCO,2008,0
Monaco,MCO,2009,0
Monaco,MCO,2010,0
Monaco,MCO,2011,0
Monaco,MCO,2012,0
Monaco,MCO,2013,0
Monaco,MCO,2014,0
Monaco,MCO,2015,0
Monaco,MCO,2016,0
Monaco,MCO,2017,0
Monaco,MCO,2018,0
Monaco,MCO,2019,0
Monaco,MCO,2020,0
Monaco,MCO,2021,0
Mongolia,MNG,2000,23.29
Mongolia,MNG,2001,16.22
Mongolia,MNG,2002,1.53
Mongolia,MNG,2003,16.81
Mongolia,MNG,2004,0
Mongolia,MNG,2005,0
Mongolia,MNG,2006,0
Mongolia,MNG,2007,0
Mongolia,MNG,2008,52.73
Mongolia,MNG,2009,26.4
Mongolia,MNG,2010,11.12
Mongolia,MNG,2011,0
Mongolia,MNG,2012,0
Mongolia,MNG,2013,0
Mongolia,MNG,2014,0
Mongolia,MNG,2015,0
Mongolia,MNG,2016,11.97
Mongolia,MNG,2017,17.03
Mongolia,MNG,2018,11.06
Mongolia,MNG,2019,22.2
Mongolia,MNG,2020,12.09
Mongolia,MNG,2021,12.04
Montenegro,MNE,2000,0
Montenegro,MNE,2001,0
Montenegro,MNE,2002,0
Montenegro,MNE,2003,0
Montenegro,MNE,2004,0
Montenegro,MNE,2005,0.13
Montenegro,MNE,2006,0
Montenegro,MNE,2007,0
Montenegro,MNE,2008,0
Montenegro,MNE,2009,0
Montenegro,MNE,2010,0
Montenegro,MNE,2011,0
Montenegro,MNE,2012,0
Montenegro,MNE,2013,0
Montenegro,MNE,2014,0
Montenegro,MNE,2015,0
Montenegro,MNE,2016,0
Montenegro,MNE,2017,0
Montenegro,MNE,2018,0
Montenegro,MNE,2019,0
Montenegro,MNE,2020,0
Montenegro,MNE,2021,0
Morocco,MAR,2000,5.34
Morocco,MAR,2001,13.31
Morocco,MAR,2002,70.87
Morocco,MAR,2003,30.96
Morocco,MAR,2004,555.39
Morocco,MAR,2005,2.66
Morocco,MAR,2006,15.1
Morocco,MAR,2007,1.78
Morocco,MAR,2008,34.91
Morocco,MAR,2009,26.98
Morocco,MAR,2010,37.97
Morocco,MAR,2011,0
Morocco,MAR,2012,0
Morocco,MAR,2013,0
Morocco,MAR,2014,55.43
Morocco,MAR,2015,0
Morocco,MAR,2016,1.87
Morocco,MAR,2017,0
Morocco,MAR,2018,0
Morocco,MAR,2019,36.99
Morocco,MAR,2020,0
Morocco,MAR,2021,23.22
Mozambique,MOZ,2000,854.6
Mozambique,MOZ,2001,81.02
Mozambique,MOZ,2002,3.07
Mozambique,MOZ,2003,50.08
Mozambique,MOZ,2004,0
Mozambique,MOZ,2005,5.37
Mozambique,MOZ,2006,14.95
Mozambique,MOZ,2007,54.71
Mozambique,MOZ,2008,31.93
Mozambique,MOZ,2009,12.7
Mozambique,MOZ,2010,5.1
Mozambique,MOZ,2011,23.5
Mozambique,MOZ,2012,33.79
Mozambique,MOZ,2013,128.78
Mozambique,MOZ,2014,15.97
Mozambique,MOZ,2015,164.5
Mozambique,MOZ,2016,65.17
Mozambique,MOZ,2017,19.37
Mozambique,MOZ,2018,29
Mozambique,MOZ,2019,716.39
Mozambique,MOZ,2020,39.6
Mozambique,MOZ,2021,11.52
Myanmar,MMR,2000,0
Myanmar,MMR,2001,51.16
Myanmar,MMR,2002,21.03
Myanmar,MMR,2003,0
Myanmar,MMR,2004,304.56
Myanmar,MMR,2005,16.77
Myanmar,MMR,2006,57.8
Myanmar,MMR,2007,4.86
Myanmar,MMR,2008,131973.2
Myanmar,MMR,2009,23.05
Myanmar,MMR,2010,107.72
Myanmar,MMR,2011,213.03
Myanmar,MMR,2012,37.63
Myanmar,MMR,2013,21.51
Myanmar,MMR,2014,0
Myanmar,MMR,2015,197.43
Myanmar,MMR,2016,89.5
Myanmar,MMR,2017,2.76
Myanmar,MMR,2018,61.26
Myanmar,MMR,2019,116.56
Myanmar,MMR,2020,158.06
Myanmar,MMR,2021,0
Namibia,NAM,2000,0
Namibia,NAM,2001,0
Namibia,NAM,2002,0
Namibia,NAM,2003,2.02
Namibia,NAM,2004,0
Namibia,NAM,2005,0
Namibia,NAM,2006,5.02
Namibia,NAM,2007,7.03
Namibia,NAM,2008,42.24
Namibia,NAM,2009,92.85
Namibia,NAM,2010,8.11
Namibia,NAM,2011,110.16
Namibia,NAM,2012,0
Namibia,NAM,2013,0
Namibia,NAM,2014,0
Namibia,NAM,2015,0
Namibia,NAM,2016,0
Namibia,NAM,2017,0
Namibia,NAM,2018,0
Namibia,NAM,2019,0
Namibia,NAM,2020,0
Namibia,NAM,2021,0
Nauru,NRU,2000,0
Nauru,NRU,2001,0
Nauru,NRU,2002,0
Nauru,NRU,2003,0
Nauru,NRU,2004,0
Nauru,NRU,2005,0
Nauru,NRU,2006,0
Nauru,NRU,2007,0
Nauru,NRU,2008,0
Nauru,NRU,2009,0
Nauru,NRU,2010,0
Nauru,NRU,2011,0
Nauru,NRU,2012,0
Nauru,NRU,2013,0
Nauru,NRU,2014,0
Nauru,NRU,2015,0
Nauru,NRU,2016,0
Nauru,NRU,2017,0
Nauru,NRU,2018,0
Nauru,NRU,2019,0
Nauru,NRU,2020,0
Nauru,NRU,2021,0
Nepal,NPL,2000,147.77
Nepal,NPL,2001,147.08
Nepal,NPL,2002,479.87
Nepal,NPL,2003,242.23
Nepal,NPL,2004,186.94
Nepal,NPL,2005,69.43
Nepal,NPL,2006,157.13
Nepal,NPL,2007,212.85
Nepal,NPL,2008,113.65
Nepal,NPL,2009,124.65
Nepal,NPL,2010,146.2
Nepal,NPL,2011,135.52
Nepal,NPL,2012,79.83
Nepal,NPL,2013,186.47
Nepal,NPL,2014,545.15
Nepal,NPL,2015,8559.14
Nepal,NPL,2016,154.08
Nepal,NPL,2017,145.34
Nepal,NPL,2018,14.13
Nepal,NPL,2019,138.26
Nepal,NPL,2020,423.08
Nepal,NPL,2021,239.35
Netherlands,NLD,2000,0
Netherlands,NLD,2001,2.99
Netherlands,NLD,2002,1.99
Netherlands,NLD,2003,0
Netherlands,NLD,2004,0
Netherlands,NLD,2005,0
Netherlands,NLD,2006,0
Netherlands,NLD,2007,6.98
Netherlands,NLD,2008,0
Netherlands,NLD,2009,0
Netherlands,NLD,2010,5
Netherlands,NLD,2011,0
Netherlands,NLD,2012,0
Netherlands,NLD,2013,2.01
Netherlands,NLD,2014,0
Netherlands,NLD,2015,1.01
Netherlands,NLD,2016,0
Netherlands,NLD,2017,4.04
Netherlands,NLD,2018,3.03
Netherlands,NLD,2019,0
Netherlands,NLD,2020,0
Netherlands,NLD,2021,0
New Zealand,NZL,2000,1.99
New Zealand,NZL,2001,2
New Zealand,NZL,2002,2
New Zealand,NZL,2003,4.98
New Zealand,NZL,2004,12.53
New Zealand,NZL,2005,0
New Zealand,NZL,2006,3.99
New Zealand,NZL,2007,1
New Zealand,NZL,2008,10.97
New Zealand,NZL,2009,6.98
New Zealand,NZL,2010,1
New Zealand,NZL,2011,187.87
New Zealand,NZL,2012,2.47
New Zealand,NZL,2013,4.01
New Zealand,NZL,2014,3.02
New Zealand,NZL,2015,5.03
New Zealand,NZL,2016,9.36
New Zealand,NZL,2017,1
New Zealand,NZL,2018,0
New Zealand,NZL,2019,21.04
New Zealand,NZL,2020,0
New Zealand,NZL,2021,1.01
Nicaragua,NIC,2000,9.03
Nicaragua,NIC,2001,15.95
Nicaragua,NIC,2002,2.97
Nicaragua,NIC,2003,0.99
Nicaragua,NIC,2004,28.46
Nicaragua,NIC,2005,6.84
Nicaragua,NIC,2006,0
Nicaragua,NIC,2007,192.6
Nicaragua,NIC,2008,29.15
Nicaragua,NIC,2009,0.97
Nicaragua,NIC,2010,74.88
Nicaragua,NIC,2011,17.52
Nicaragua,NIC,2012,8.76
Nicaragua,NIC,2013,31.18
Nicaragua,NIC,2014,14.63
Nicaragua,NIC,2015,2.93
Nicaragua,NIC,2016,1.95
Nicaragua,NIC,2017,22.46
Nicaragua,NIC,2018,5.86
Nicaragua,NIC,2019,0
Nicaragua,NIC,2020,19.56
Nicaragua,NIC,2021,0
Niger,NER,2000,2.1
Niger,NER,2001,4.19
Niger,NER,2002,4.17
Niger,NER,2003,7.26
Niger,NER,2004,0
Niger,NER,2005,0
Niger,NER,2006,4.11
Niger,NER,2007,7.17
Niger,NER,2008,7.14
Niger,NER,2009,3.06
Niger,NER,2010,5.09
Niger,NER,2011,16.28
Niger,NER,2012,92.56
Niger,NER,2013,32.55
Niger,NER,2014,36.63
Niger,NER,2015,27.45
Niger,NER,2016,62.15
Niger,NER,2017,73.41
Niger,NER,2018,36.69
Niger,NER,2019,52.99
Niger,NER,2020,84.46
Niger,NER,2021,63
Nigeria,NGA,2000,36.74
Nigeria,NGA,2001,203.48
Nigeria,NGA,2002,0
Nigeria,NGA,2003,16.17
Nigeria,NGA,2004,94.57
Nigeria,NGA,2005,60.07
Nigeria,NGA,2006,39.86
Nigeria,NGA,2007,90.22
Nigeria,NGA,2008,0
Nigeria,NGA,2009,30.47
Nigeria,NGA,2010,39.19
Nigeria,NGA,2011,180.64
Nigeria,NGA,2012,367.73
Nigeria,NGA,2013,18.39
Nigeria,NGA,2014,14.46
Nigeria,NGA,2015,89.79
Nigeria,NGA,2016,43.87
Nigeria,NGA,2017,18.97
Nigeria,NGA,2018,283.47
Nigeria,NGA,2019,33.87
Nigeria,NGA,2020,177.28
Nigeria,NGA,2021,3.75
Niue,NIU,2000,0
Niue,NIU,2001,0
Niue,NIU,2002,0
Niue,NIU,2003,0
Niue,NIU,2004,0.9
Niue,NIU,2005,0
Niue,NIU,2006,0
Niue,NIU,2007,0
Niue,NIU,2008,0
Niue,NIU,2009,0
Niue,NIU,2010,0
Niue,NIU,2011,0
Niue,NIU,2012,0
Niue,NIU,2013,0
Niue,NIU,2014,0
Niue,NIU,2015,0
Niue,NIU,2016,0
Niue,NIU,2017,0
Niue,NIU,2018,0
Niue,NIU,2019,0
Niue,NIU,2020,0
Niue,NIU,2021,0
North America,,2000,439.75
North America,,2001,1438.73
North America,,2002,505.91
North America,,2003,498.01
North America,,2004,6465.84
North America,,2005,2683.84
North America,,2006,321.04
North America,,2007,935.99
North America,,2008,1262.88
North America,,2009,645.12
North America,,2010,153685.17
North America,,2011,1247.48
North America,,2012,462.41998
North America,,2013,500.83
North America,,2014,400.42
North America,,2015,473.89
North America,,2016,1104.74
North America,,2017,867.19006
North America,,2018,330.76
North America,,2019,658.69995
North America,,2020,806.35
North America,,2021,2976.6199
North Korea,PRK,2000,44.6
North Korea,PRK,2001,120.37
North Korea,PRK,2002,2.91
North Korea,PRK,2003,0
North Korea,PRK,2004,23.08
North Korea,PRK,2005,185.74
North Korea,PRK,2006,267.37
North Korea,PRK,2007,586.01
North Korea,PRK,2008,0
North Korea,PRK,2009,0
North Korea,PRK,2010,19.28
North Korea,PRK,2011,71.48
North Korea,PRK,2012,142.84
North Korea,PRK,2013,50.02
North Korea,PRK,2014,0
North Korea,PRK,2015,33.13
North Korea,PRK,2016,559.66
North Korea,PRK,2017,0
North Korea,PRK,2018,240.99
North Korea,PRK,2019,5.2
North Korea,PRK,2020,23.13
North Korea,PRK,2021,0
North Macedonia,MKD,2000,0
North Macedonia,MKD,2001,0
North Macedonia,MKD,2002,0
North Macedonia,MKD,2003,2.06
North Macedonia,MKD,2004,0
North Macedonia,MKD,2005,1.02
North Macedonia,MKD,2006,0
North Macedonia,MKD,2007,0
North Macedonia,MKD,2008,0
North Macedonia,MKD,2009,1.02
North Macedonia,MKD,2010,0
North Macedonia,MKD,2011,1.03
North Macedonia,MKD,2012,0
North Macedonia,MKD,2013,1.04
North Macedonia,MKD,2014,0
North Macedonia,MKD,2015,7.22
North Macedonia,MKD,2016,22.78
North Macedonia,MKD,2017,0
North Macedonia,MKD,2018,0
North Macedonia,MKD,2019,0
North Macedonia,MKD,2020,0
North Macedonia,MKD,2021,0
Norway,NOR,2000,1.98
Norway,NOR,2001,8.9
Norway,NOR,2002,5.93
Norway,NOR,2003,0
Norway,NOR,2004,5.93
Norway,NOR,2005,7.92
Norway,NOR,2006,1.98
Norway,NOR,2007,3.97
Norway,NOR,2008,6.95
Norway,NOR,2009,1.99
Norway,NOR,2010,10.95
Norway,NOR,2011,13.95
Norway,NOR,2012,2.99
Norway,NOR,2013,5.98
Norway,NOR,2014,6.97
Norway,NOR,2015,6.97
Norway,NOR,2016,1.99
Norway,NOR,2017,1
Norway,NOR,2018,1
Norway,NOR,2019,10.49
Norway,NOR,2020,18.38
Norway,NOR,2021,0
Oceania,,2000,11.21
Oceania,,2001,10.25
Oceania,,2002,100.630005
Oceania,,2003,39.239998
Oceania,,2004,37.84
Oceania,,2005,15.17
Oceania,,2006,29.390001
Oceania,,2007,238.01
Oceania,,2008,33.48
Oceania,,2009,226.27
Oceania,,2010,10.190001
Oceania,,2011,222.25
Oceania,,2012,104.56999
Oceania,,2013,18.39
Oceania,,2014,70.89
Oceania,,2015,40.96
Oceania,,2016,65.87
Oceania,,2017,14.14
Oceania,,2018,179.16
Oceania,,2019,36.300003
Oceania,,2020,122.31
Oceania,,2021,13.95
Oman,OMN,2000,0
Oman,OMN,2001,0
Oman,OMN,2002,7.21
Oman,OMN,2003,30.83
Oman,OMN,2004,0
Oman,OMN,2005,0
Oman,OMN,2006,0
Oman,OMN,2007,77.43
Oman,OMN,2008,0
Oman,OMN,2009,0
Oman,OMN,2010,16.26
Oman,OMN,2011,14.82
Oman,OMN,2012,0
Oman,OMN,2013,0
Oman,OMN,2014,0
Oman,OMN,2015,0
Oman,OMN,2016,2.27
Oman,OMN,2017,3.36
Oman,OMN,2018,6.57
Oman,OMN,2019,6.38
Oman,OMN,2020,3.08
Oman,OMN,2021,19.89
Pakistan,PAK,2000,0
Pakistan,PAK,2001,293.97
Pakistan,PAK,2002,103.22
Pakistan,PAK,2003,376.68
Pakistan,PAK,2004,33.11
Pakistan,PAK,2005,83348.56
Pakistan,PAK,2006,485.62
Pakistan,PAK,2007,1026.91
Pakistan,PAK,2008,279.61
Pakistan,PAK,2009,114.06
Pakistan,PAK,2010,2436.55
Pakistan,PAK,2011,567.19
Pakistan,PAK,2012,739.62
Pakistan,PAK,2013,833.08
Pakistan,PAK,2014,292.99
Pakistan,PAK,2015,708.39
Pakistan,PAK,2016,431.97
Pakistan,PAK,2017,224.89
Pakistan,PAK,2018,62.32
Pakistan,PAK,2019,293.22
Pakistan,PAK,2020,648.78
Pakistan,PAK,2021,271.83
Palau,PLW,2000,0
Palau,PLW,2001,0
Palau,PLW,2002,0
Palau,PLW,2003,0
Palau,PLW,2004,0
Palau,PLW,2005,0
Palau,PLW,2006,0
Palau,PLW,2007,0
Palau,PLW,2008,0
Palau,PLW,2009,0
Palau,PLW,2010,0
Palau,PLW,2011,0
Palau,PLW,2012,0
Palau,PLW,2013,0
Palau,PLW,2014,0
Palau,PLW,2015,0
Palau,PLW,2016,0
Palau,PLW,2017,0
Palau,PLW,2018,0
Palau,PLW,2019,0
Palau,PLW,2020,0
Palau,PLW,2021,0
Panama,PAN,2000,1.95
Panama,PAN,2001,0
Panama,PAN,2002,5.86
Panama,PAN,2003,4.89
Panama,PAN,2004,12.74
Panama,PAN,2005,0.98
Panama,PAN,2006,14.72
Panama,PAN,2007,2.94
Panama,PAN,2008,32.37
Panama,PAN,2009,0.98
Panama,PAN,2010,7.84
Panama,PAN,2011,4.9
Panama,PAN,2012,7.84
Panama,PAN,2013,0
Panama,PAN,2014,22.56
Panama,PAN,2015,0.98
Panama,PAN,2016,4.92
Panama,PAN,2017,12.82
Panama,PAN,2018,3.93
Panama,PAN,2019,0
Panama,PAN,2020,92.04
Panama,PAN,2021,0.98
Papua New Guinea,PNG,2000,1.97
Papua New Guinea,PNG,2001,0
Papua New Guinea,PNG,2002,40.72
Papua New Guinea,PNG,2003,12.95
Papua New Guinea,PNG,2004,0
Papua New Guinea,PNG,2005,2
Papua New Guinea,PNG,2006,16.03
Papua New Guinea,PNG,2007,172.15
Papua New Guinea,PNG,2008,9.99
Papua New Guinea,PNG,2009,18.93
Papua New Guinea,PNG,2010,0
Papua New Guinea,PNG,2011,0
Papua New Guinea,PNG,2012,64.06
Papua New Guinea,PNG,2013,0
Papua New Guinea,PNG,2014,0
Papua New Guinea,PNG,2015,0
Papua New Guinea,PNG,2016,0
Papua New Guinea,PNG,2017,0
Papua New Guinea,PNG,2018,171.17
Papua New Guinea,PNG,2019,11.25
Papua New Guinea,PNG,2020,39
Papua New Guinea,PNG,2021,0
Paraguay,PRY,2000,0
Paraguay,PRY,2001,0
Paraguay,PRY,2002,0.96
Paraguay,PRY,2003,1.9
Paraguay,PRY,2004,0.94
Paraguay,PRY,2005,2.81
Paraguay,PRY,2006,0.93
Paraguay,PRY,2007,0
Paraguay,PRY,2008,0.92
Paraguay,PRY,2009,0.91
Paraguay,PRY,2010,0.91
Paraguay,PRY,2011,1.82
Paraguay,PRY,2012,10.02
Paraguay,PRY,2013,4.56
Paraguay,PRY,2014,1.83
Paraguay,PRY,2015,12.92
Paraguay,PRY,2016,8.28
Paraguay,PRY,2017,2.79
Paraguay,PRY,2018,0
Paraguay,PRY,2019,37.39
Paraguay,PRY,2020,0
Paraguay,PRY,2021,9.38
Peru,PER,2000,38.38
Peru,PER,2001,188.81
Peru,PER,2002,102.08
Peru,PER,2003,42.13
Peru,PER,2004,23.79
Peru,PER,2005,7.29
Peru,PER,2006,1.05
Peru,PER,2007,657.6
Peru,PER,2008,63.06
Peru,PER,2009,195.62
Peru,PER,2010,216.63
Peru,PER,2011,54.94
Peru,PER,2012,94.01
Peru,PER,2013,77.3
Peru,PER,2014,60.06
Peru,PER,2015,28.99
Peru,PER,2016,8.57
Peru,PER,2017,199.13
Peru,PER,2018,1.86
Peru,PER,2019,71.83
Peru,PER,2020,39.37
Peru,PER,2021,21.14
Philippines,PHL,2000,745.57
Philippines,PHL,2001,628.09
Philippines,PHL,2002,318.53
Philippines,PHL,2003,221.25
Philippines,PHL,2004,2032.51
Philippines,PHL,2005,38.71
Philippines,PHL,2006,3660.58
Philippines,PHL,2007,207.31
Philippines,PHL,2008,1167.42
Philippines,PHL,2009,2286
Philippines,PHL,2010,357.5
Philippines,PHL,2011,2581.13
Philippines,PHL,2012,2754.65
Philippines,PHL,2013,14154.87
Philippines,PHL,2014,381.32
Philippines,PHL,2015,286.71
Philippines,PHL,2016,118.4
Philippines,PHL,2017,457.57
Philippines,PHL,2018,937.31
Philippines,PHL,2019,180.61
Philippines,PHL,2020,203.35
Philippines,PHL,2021,577.08
Poland,POL,2000,2
Poland,POL,2001,35.09
Poland,POL,2002,15.05
Poland,POL,2003,14.05
Poland,POL,2004,12.03
Poland,POL,2005,5.01
Poland,POL,2006,5.02
Poland,POL,2007,20.36
Poland,POL,2008,5.25
Poland,POL,2009,13.07
Poland,POL,2010,20.1
Poland,POL,2011,3.01
Poland,POL,2012,1
Poland,POL,2013,6.02
Poland,POL,2014,0
Poland,POL,2015,5.97
Poland,POL,2016,2
Poland,POL,2017,6.83
Poland,POL,2018,1
Poland,POL,2019,5.02
Poland,POL,2020,3.02
Poland,POL,2021,4.02
Portugal,PRT,2000,4.04
Portugal,PRT,2001,13.12
Portugal,PRT,2002,4.03
Portugal,PRT,2003,2.01
Portugal,PRT,2004,6.03
Portugal,PRT,2005,0
Portugal,PRT,2006,0
Portugal,PRT,2007,0
Portugal,PRT,2008,1.99
Portugal,PRT,2009,0
Portugal,PRT,2010,6.94
Portugal,PRT,2011,0
Portugal,PRT,2012,0
Portugal,PRT,2013,0.98
Portugal,PRT,2014,1.95
Portugal,PRT,2015,0.97
Portugal,PRT,2016,0
Portugal,PRT,2017,0
Portugal,PRT,2018,0.96
Portugal,PRT,2019,1.93
Portugal,PRT,2020,0
Portugal,PRT,2021,0
Qatar,QAT,2000,0
Qatar,QAT,2001,0
Qatar,QAT,2002,0
Qatar,QAT,2003,0
Qatar,QAT,2004,0
Qatar,QAT,2005,0
Qatar,QAT,2006,0
Qatar,QAT,2007,0
Qatar,QAT,2008,0
Qatar,QAT,2009,0
Qatar,QAT,2010,0
Qatar,QAT,2011,0
Qatar,QAT,2012,0
Qatar,QAT,2013,0
Qatar,QAT,2014,0
Qatar,QAT,2015,0
Qatar,QAT,2016,0
Qatar,QAT,2017,0
Qatar,QAT,2018,0
Qatar,QAT,2019,0
Qatar,QAT,2020,0
Qatar,QAT,2021,0
Romania,ROU,2000,15.79
Romania,ROU,2001,10.86
Romania,ROU,2002,13.79
Romania,ROU,2003,4.91
Romania,ROU,2004,13.71
Romania,ROU,2005,7.78
Romania,ROU,2006,8.72
Romania,ROU,2007,12.58
Romania,ROU,2008,5.81
Romania,ROU,2009,10.73
Romania,ROU,2010,2.94
Romania,ROU,2011,0
Romania,ROU,2012,0
Romania,ROU,2013,4.93
Romania,ROU,2014,4.93
Romania,ROU,2015,0.98
Romania,ROU,2016,1.97
Romania,ROU,2017,11.84
Romania,ROU,2018,0.99
Romania,ROU,2019,3.95
Romania,ROU,2020,2.96
Romania,ROU,2021,0.99
Russia,RUS,2000,102.95
Russia,RUS,2001,88.33
Russia,RUS,2002,334.74
Russia,RUS,2003,75.55
Russia,RUS,2004,84.57
Russia,RUS,2005,81.7
Russia,RUS,2006,77.6
Russia,RUS,2007,50.71
Russia,RUS,2008,67.64
Russia,RUS,2009,50.39
Russia,RUS,2010,64.76
Russia,RUS,2011,35.01
Russia,RUS,2012,195.37
Russia,RUS,2013,42.95
Russia,RUS,2014,47.23
Russia,RUS,2015,89.62
Russia,RUS,2016,110.3
Russia,RUS,2017,118.07
Russia,RUS,2018,70.16
Russia,RUS,2019,93.6
Russia,RUS,2020,59.61
Russia,RUS,2021,14.09
Rwanda,RWA,2000,0
Rwanda,RWA,2001,12.5
Rwanda,RWA,2002,118.88
Rwanda,RWA,2003,0
Rwanda,RWA,2004,0
Rwanda,RWA,2005,0
Rwanda,RWA,2006,24.85
Rwanda,RWA,2007,31.16
Rwanda,RWA,2008,37.49
Rwanda,RWA,2009,0
Rwanda,RWA,2010,22.15
Rwanda,RWA,2011,14.85
Rwanda,RWA,2012,5.29
Rwanda,RWA,2013,0
Rwanda,RWA,2014,0
Rwanda,RWA,2015,2.08
Rwanda,RWA,2016,121.72
Rwanda,RWA,2017,3.12
Rwanda,RWA,2018,78.91
Rwanda,RWA,2019,29.08
Rwanda,RWA,2020,115.34
Rwanda,RWA,2021,0
Saint Kitts and Nevis,KNA,2000,0
Saint Kitts and Nevis,KNA,2001,0
Saint Kitts and Nevis,KNA,2002,0
Saint Kitts and Nevis,KNA,2003,0
Saint Kitts and Nevis,KNA,2004,0
Saint Kitts and Nevis,KNA,2005,0
Saint Kitts and Nevis,KNA,2006,0
Saint Kitts and Nevis,KNA,2007,0
Saint Kitts and Nevis,KNA,2008,0
Saint Kitts and Nevis,KNA,2009,0
Saint Kitts and Nevis,KNA,2010,0
Saint Kitts and Nevis,KNA,2011,0
Saint Kitts and Nevis,KNA,2012,0
Saint Kitts and Nevis,KNA,2013,0
Saint Kitts and Nevis,KNA,2014,0
Saint Kitts and Nevis,KNA,2015,0
Saint Kitts and Nevis,KNA,2016,0
Saint Kitts and Nevis,KNA,2017,0
Saint Kitts and Nevis,KNA,2018,0
Saint Kitts and Nevis,KNA,2019,0
Saint Kitts and Nevis,KNA,2020,0
Saint Kitts and Nevis,KNA,2021,0
Saint Lucia,LCA,2000,0
Saint Lucia,LCA,2001,0
Saint Lucia,LCA,2002,0
Saint Lucia,LCA,2003,0
Saint Lucia,LCA,2004,0
Saint Lucia,LCA,2005,0
Saint Lucia,LCA,2006,0
Saint Lucia,LCA,2007,1.99
Saint Lucia,LCA,2008,0
Saint Lucia,LCA,2009,0
Saint Lucia,LCA,2010,13.72
Saint Lucia,LCA,2011,0
Saint Lucia,LCA,2012,0
Saint Lucia,LCA,2013,5.71
Saint Lucia,LCA,2014,0
Saint Lucia,LCA,2015,0
Saint Lucia,LCA,2016,0
Saint Lucia,LCA,2017,0
Saint Lucia,LCA,2018,0
Saint Lucia,LCA,2019,0
Saint Lucia,LCA,2020,0
Saint Lucia,LCA,2021,0.9
Saint Vincent and the Grenadines,VCT,2000,0
Saint Vincent and the Grenadines,VCT,2001,0
Saint Vincent and the Grenadines,VCT,2002,8.48
Saint Vincent and the Grenadines,VCT,2003,0
Saint Vincent and the Grenadines,VCT,2004,0
Saint Vincent and the Grenadines,VCT,2005,2.1
Saint Vincent and the Grenadines,VCT,2006,0
Saint Vincent and the Grenadines,VCT,2007,0
Saint Vincent and the Grenadines,VCT,2008,0
Saint Vincent and the Grenadines,VCT,2009,0
Saint Vincent and the Grenadines,VCT,2010,0
Saint Vincent and the Grenadines,VCT,2011,0
Saint Vincent and the Grenadines,VCT,2012,0
Saint Vincent and the Grenadines,VCT,2013,12.21
Saint Vincent and the Grenadines,VCT,2014,0
Saint Vincent and the Grenadines,VCT,2015,0
Saint Vincent and the Grenadines,VCT,2016,1
Saint Vincent and the Grenadines,VCT,2017,0
Saint Vincent and the Grenadines,VCT,2018,0
Saint Vincent and the Grenadines,VCT,2019,0
Saint Vincent and the Grenadines,VCT,2020,0
Saint Vincent and the Grenadines,VCT,2021,0
Samoa,WSM,2000,0
Samoa,WSM,2001,0
Samoa,WSM,2002,0
Samoa,WSM,2003,0
Samoa,WSM,2004,1.02
Samoa,WSM,2005,9.18
Samoa,WSM,2006,0
Samoa,WSM,2007,0
Samoa,WSM,2008,0
Samoa,WSM,2009,148.21
Samoa,WSM,2010,0
Samoa,WSM,2011,0
Samoa,WSM,2012,12.34
Samoa,WSM,2013,0
Samoa,WSM,2014,0
Samoa,WSM,2015,0
Samoa,WSM,2016,0
Samoa,WSM,2017,0
Samoa,WSM,2018,0
Samoa,WSM,2019,0
Samoa,WSM,2020,0
Samoa,WSM,2021,0
San Marino,SMR,2000,0
San Marino,SMR,2001,0
San Marino,SMR,2002,0
San Marino,SMR,2003,0
San Marino,SMR,2004,0
San Marino,SMR,2005,0
San Marino,SMR,2006,0
San Marino,SMR,2007,0
San Marino,SMR,2008,0
San Marino,SMR,2009,0
San Marino,SMR,2010,0
San Marino,SMR,2011,0
San Marino,SMR,2012,0
San Marino,SMR,2013,0
San Marino,SMR,2014,0
San Marino,SMR,2015,0
San Marino,SMR,2016,0
San Marino,SMR,2017,0
San Marino,SMR,2018,0
San Marino,SMR,2019,0
San Marino,SMR,2020,0
San Marino,SMR,2021,0
Sao Tome and Principe,STP,2000,0
Sao Tome and Principe,STP,2001,0
Sao Tome and Principe,STP,2002,0
Sao Tome and Principe,STP,2003,0
Sao Tome and Principe,STP,2004,0
Sao Tome and Principe,STP,2005,0
Sao Tome and Principe,STP,2006,0
Sao Tome and Principe,STP,2007,0
Sao Tome and Principe,STP,2008,0
Sao Tome and Principe,STP,2009,0
Sao Tome and Principe,STP,2010,0
Sao Tome and Principe,STP,2011,0
Sao Tome and Principe,STP,2012,0
Sao Tome and Principe,STP,2013,0
Sao Tome and Principe,STP,2014,0
Sao Tome and Principe,STP,2015,0
Sao Tome and Principe,STP,2016,0
Sao Tome and Principe,STP,2017,0
Sao Tome and Principe,STP,2018,0
Sao Tome and Principe,STP,2019,0
Sao Tome and Principe,STP,2020,0
Sao Tome and Principe,STP,2021,8.78
Saudi Arabia,SAU,2000,0
Saudi Arabia,SAU,2001,0
Saudi Arabia,SAU,2002,15.66
Saudi Arabia,SAU,2003,10.07
Saudi Arabia,SAU,2004,4.27
Saudi Arabia,SAU,2005,54.57
Saudi Arabia,SAU,2006,0
Saudi Arabia,SAU,2007,0
Saudi Arabia,SAU,2008,0
Saudi Arabia,SAU,2009,145.91
Saudi Arabia,SAU,2010,21.94
Saudi Arabia,SAU,2011,10.13
Saudi Arabia,SAU,2012,17.63
Saudi Arabia,SAU,2013,36.42
Saudi Arabia,SAU,2014,0
Saudi Arabia,SAU,2015,21.7
Saudi Arabia,SAU,2016,22.73
Saudi Arabia,SAU,2017,3.76
Saudi Arabia,SAU,2018,0
Saudi Arabia,SAU,2019,18.23
Saudi Arabia,SAU,2020,2.72
Saudi Arabia,SAU,2021,0
Senegal,SEN,2000,0
Senegal,SEN,2001,0
Senegal,SEN,2002,27.32
Senegal,SEN,2003,7.8
Senegal,SEN,2004,1.95
Senegal,SEN,2005,0
Senegal,SEN,2006,0
Senegal,SEN,2007,7.82
Senegal,SEN,2008,0.98
Senegal,SEN,2009,5.91
Senegal,SEN,2010,1.98
Senegal,SEN,2011,0
Senegal,SEN,2012,19
Senegal,SEN,2013,8.07
Senegal,SEN,2014,0
Senegal,SEN,2015,0
Senegal,SEN,2016,5.12
Senegal,SEN,2017,0
Senegal,SEN,2018,0
Senegal,SEN,2019,6.29
Senegal,SEN,2020,11.61
Senegal,SEN,2021,0
Serbia,SRB,2000,4.43
Serbia,SRB,2001,5.29
Serbia,SRB,2002,3.52
Serbia,SRB,2003,7.02
Serbia,SRB,2004,0
Serbia,SRB,2005,4.23
Serbia,SRB,2006,0.87
Serbia,SRB,2007,0
Serbia,SRB,2008,0.87
Serbia,SRB,2009,0
Serbia,SRB,2010,4.4
Serbia,SRB,2011,0.89
Serbia,SRB,2012,0.89
Serbia,SRB,2013,0
Serbia,SRB,2014,51.17
Serbia,SRB,2015,1.81
Serbia,SRB,2016,0
Serbia,SRB,2017,0
Serbia,SRB,2018,0
Serbia,SRB,2019,0
Serbia,SRB,2020,0
Serbia,SRB,2021,0
Seychelles,SYC,2000,0
Seychelles,SYC,2001,0
Seychelles,SYC,2002,0
Seychelles,SYC,2003,0
Seychelles,SYC,2004,2.82
Seychelles,SYC,2005,0
Seychelles,SYC,2006,0
Seychelles,SYC,2007,0
Seychelles,SYC,2008,0
Seychelles,SYC,2009,0
Seychelles,SYC,2010,0
Seychelles,SYC,2011,0
Seychelles,SYC,2012,0
Seychelles,SYC,2013,0
Seychelles,SYC,2014,0
Seychelles,SYC,2015,0
Seychelles,SYC,2016,0
Seychelles,SYC,2017,0
Seychelles,SYC,2018,0
Seychelles,SYC,2019,0
Seychelles,SYC,2020,0
Seychelles,SYC,2021,0
Sierra Leone,SLE,2000,0
Sierra Leone,SLE,2001,0
Sierra Leone,SLE,2002,0
Sierra Leone,SLE,2003,0
Sierra Leone,SLE,2004,10.5
Sierra Leone,SLE,2005,20.85
Sierra Leone,SLE,2006,0
Sierra Leone,SLE,2007,0
Sierra Leone,SLE,2008,0
Sierra Leone,SLE,2009,106.09
Sierra Leone,SLE,2010,16.4
Sierra Leone,SLE,2011,21.4
Sierra Leone,SLE,2012,0
Sierra Leone,SLE,2013,0
Sierra Leone,SLE,2014,0
Sierra Leone,SLE,2015,9.87
Sierra Leone,SLE,2016,0
Sierra Leone,SLE,2017,1311.09
Sierra Leone,SLE,2018,0
Sierra Leone,SLE,2019,6.69
Sierra Leone,SLE,2020,0
Sierra Leone,SLE,2021,0
Singapore,SGP,2000,0
Singapore,SGP,2001,0
Singapore,SGP,2002,0
Singapore,SGP,2003,0
Singapore,SGP,2004,0
Singapore,SGP,2005,0
Singapore,SGP,2006,0
Singapore,SGP,2007,0
Singapore,SGP,2008,0
Singapore,SGP,2009,0
Singapore,SGP,2010,0
Singapore,SGP,2011,0
Singapore,SGP,2012,0
Singapore,SGP,2013,0
Singapore,SGP,2014,0
Singapore,SGP,2015,0
Singapore,SGP,2016,0
Singapore,SGP,2017,0
Singapore,SGP,2018,0
Singapore,SGP,2019,0
Singapore,SGP,2020,0
Singapore,SGP,2021,0
Slovakia,SVK,2000,1.95
Slovakia,SVK,2001,5.83
Slovakia,SVK,2002,0.97
Slovakia,SVK,2003,0.97
Slovakia,SVK,2004,4.86
Slovakia,SVK,2005,2.92
Slovakia,SVK,2006,0.97
Slovakia,SVK,2007,0
Slovakia,SVK,2008,0.98
Slovakia,SVK,2009,9.8
Slovakia,SVK,2010,5.9
Slovakia,SVK,2011,0
Slovakia,SVK,2012,0
Slovakia,SVK,2013,1.99
Slovakia,SVK,2014,2.99
Slovakia,SVK,2015,0
Slovakia,SVK,2016,0
Slovakia,SVK,2017,0
Slovakia,SVK,2018,0
Slovakia,SVK,2019,1.01
Slovakia,SVK,2020,1.01
Slovakia,SVK,2021,1.01
Slovenia,SVN,2000,0
Slovenia,SVN,2001,0.97
Slovenia,SVN,2002,0
Slovenia,SVN,2003,0.98
Slovenia,SVN,2004,1.96
Slovenia,SVN,2005,0.98
Slovenia,SVN,2006,1.96
Slovenia,SVN,2007,9.83
Slovenia,SVN,2008,0.98
Slovenia,SVN,2009,3.94
Slovenia,SVN,2010,6.9
Slovenia,SVN,2011,0
Slovenia,SVN,2012,0.99
Slovenia,SVN,2013,2.97
Slovenia,SVN,2014,2.97
Slovenia,SVN,2015,0.99
Slovenia,SVN,2016,0
Slovenia,SVN,2017,0
Slovenia,SVN,2018,1.99
Slovenia,SVN,2019,0
Slovenia,SVN,2020,0.99
Slovenia,SVN,2021,0
Solomon Islands,SLB,2000,0
Solomon Islands,SLB,2001,0
Solomon Islands,SLB,2002,0
Solomon Islands,SLB,2003,0
Solomon Islands,SLB,2004,0
Solomon Islands,SLB,2005,0
Solomon Islands,SLB,2006,0
Solomon Islands,SLB,2007,52.33
Solomon Islands,SLB,2008,0
Solomon Islands,SLB,2009,21.25
Solomon Islands,SLB,2010,2.03
Solomon Islands,SLB,2011,0
Solomon Islands,SLB,2012,0
Solomon Islands,SLB,2013,10.32
Solomon Islands,SLB,2014,48.83
Solomon Islands,SLB,2015,9.41
Solomon Islands,SLB,2016,0
Solomon Islands,SLB,2017,0
Solomon Islands,SLB,2018,0
Solomon Islands,SLB,2019,0
Solomon Islands,SLB,2020,51.05
Solomon Islands,SLB,2021,0
Somalia,SOM,2000,0
Somalia,SOM,2001,0
Somalia,SOM,2002,0
Somalia,SOM,2003,0.93
Somalia,SOM,2004,274.65
Somalia,SOM,2005,10.97
Somalia,SOM,2006,92.33
Somalia,SOM,2007,22.42
Somalia,SOM,2008,0
Somalia,SOM,2009,0
Somalia,SOM,2010,9.61
Somalia,SOM,2011,0
Somalia,SOM,2012,27.14
Somalia,SOM,2013,147.93
Somalia,SOM,2014,0
Somalia,SOM,2015,0
Somalia,SOM,2016,7.79
Somalia,SOM,2017,0
Somalia,SOM,2018,49.8
Somalia,SOM,2019,19.69
Somalia,SOM,2020,34.94
Somalia,SOM,2021,21.18
South Africa,ZAF,2000,100.73
South Africa,ZAF,2001,19.38
South Africa,ZAF,2002,41.55
South Africa,ZAF,2003,4.04
South Africa,ZAF,2004,3.02
South Africa,ZAF,2005,2.02
South Africa,ZAF,2006,12.13
South Africa,ZAF,2007,0
South Africa,ZAF,2008,17.33
South Africa,ZAF,2009,35.81
South Africa,ZAF,2010,20.47
South Africa,ZAF,2011,67.7
South Africa,ZAF,2012,16.47
South Africa,ZAF,2013,4.71
South Africa,ZAF,2014,35.27
South Africa,ZAF,2015,0
South Africa,ZAF,2016,13.59
South Africa,ZAF,2017,28.16
South Africa,ZAF,2018,0
South Africa,ZAF,2019,107.71
South Africa,ZAF,2020,13.81
South Africa,ZAF,2021,43.76
South America,,2000,555.33
South America,,2001,603.16
South America,,2002,616.99
South America,,2003,617.97003
South America,,2004,395.80002
South America,,2005,395.37
South America,,2006,458.78
South America,,2007,1204.49
South America,,2008,828.48004
South America,,2009,527.04
South America,,2010,1997.16
South America,,2011,3118.35
South America,,2012,426.31
South America,,2013,547.13
South America,,2014,452.73
South America,,2015,611.01
South America,,2016,935.87994
South America,,2017,1041.48
South America,,2018,261.73
South America,,2019,729.26
South America,,2020,360.32
South America,,2021,214.1
South Korea,KOR,2000,67.35
South Korea,KOR,2001,109.77
South Korea,KOR,2002,284.97
South Korea,KOR,2003,157.09
South Korea,KOR,2004,49.28
South Korea,KOR,2005,42.15
South Korea,KOR,2006,95.11
South Korea,KOR,2007,25.94
South Korea,KOR,2008,20.95
South Korea,KOR,2009,12.96
South Korea,KOR,2010,21.95
South Korea,KOR,2011,146.61
South Korea,KOR,2012,25.86
South Korea,KOR,2013,9.95
South Korea,KOR,2014,51.87
South Korea,KOR,2015,1
South Korea,KOR,2016,10.1
South Korea,KOR,2017,8.1
South Korea,KOR,2018,9.19
South Korea,KOR,2019,31.83
South Korea,KOR,2020,83.4
South Korea,KOR,2021,0
South Sudan,SSD,2000,0
South Sudan,SSD,2001,0
South Sudan,SSD,2002,0
South Sudan,SSD,2003,0
South Sudan,SSD,2004,0
South Sudan,SSD,2005,0
South Sudan,SSD,2006,0
South Sudan,SSD,2007,0
South Sudan,SSD,2008,16.99
South Sudan,SSD,2009,0
South Sudan,SSD,2010,0
South Sudan,SSD,2011,0
South Sudan,SSD,2012,50.98
South Sudan,SSD,2013,108.7
South Sudan,SSD,2014,0
South Sudan,SSD,2015,0
South Sudan,SSD,2016,0
South Sudan,SSD,2017,0
South Sudan,SSD,2018,0
South Sudan,SSD,2019,3.4
South Sudan,SSD,2020,0
South Sudan,SSD,2021,7.56
Spain,ESP,2000,9.94
Spain,ESP,2001,5.94
Spain,ESP,2002,32.59
Spain,ESP,2003,6.92
Spain,ESP,2004,8.89
Spain,ESP,2005,25.77
Spain,ESP,2006,6.94
Spain,ESP,2007,12.92
Spain,ESP,2008,14.95
Spain,ESP,2009,6.97
Spain,ESP,2010,10.97
Spain,ESP,2011,15.95
Spain,ESP,2012,12.98
Spain,ESP,2013,10.98
Spain,ESP,2014,3
Spain,ESP,2015,6.03
Spain,ESP,2016,8.05
Spain,ESP,2017,3.04
Spain,ESP,2018,15.24
Spain,ESP,2019,25.54
Spain,ESP,2020,17.49
Spain,ESP,2021,9.28
Sri Lanka,LKA,2000,10.71
Sri Lanka,LKA,2001,0
Sri Lanka,LKA,2002,2.12
Sri Lanka,LKA,2003,246.9
Sri Lanka,LKA,2004,36052.17
Sri Lanka,LKA,2005,18.79
Sri Lanka,LKA,2006,30.17
Sri Lanka,LKA,2007,36.38
Sri Lanka,LKA,2008,59.19
Sri Lanka,LKA,2009,4.15
Sri Lanka,LKA,2010,38.15
Sri Lanka,LKA,2011,103.66
Sri Lanka,LKA,2012,56.32
Sri Lanka,LKA,2013,121.19
Sri Lanka,LKA,2014,319.42
Sri Lanka,LKA,2015,30.71
Sri Lanka,LKA,2016,274.12
Sri Lanka,LKA,2017,327.73
Sri Lanka,LKA,2018,33.71
Sri Lanka,LKA,2019,29.57
Sri Lanka,LKA,2020,9.79
Sri Lanka,LKA,2021,34.08
Sudan,SDN,2000,0
Sudan,SDN,2001,2.82
Sudan,SDN,2002,31.04
Sudan,SDN,2003,18.8
Sudan,SDN,2004,0
Sudan,SDN,2005,4.72
Sudan,SDN,2006,25.59
Sudan,SDN,2007,143.02
Sudan,SDN,2008,0
Sudan,SDN,2009,19.31
Sudan,SDN,2010,34.94
Sudan,SDN,2011,19.5
Sudan,SDN,2012,34.33
Sudan,SDN,2013,75.21
Sudan,SDN,2014,39.06
Sudan,SDN,2015,20.31
Sudan,SDN,2016,176.09
Sudan,SDN,2017,26.08
Sudan,SDN,2018,48.51
Sudan,SDN,2019,83.27
Sudan,SDN,2020,168.13
Sudan,SDN,2021,57.35
Suriname,SUR,2000,0
Suriname,SUR,2001,0
Suriname,SUR,2002,0
Suriname,SUR,2003,0
Suriname,SUR,2004,0
Suriname,SUR,2005,0
Suriname,SUR,2006,0
Suriname,SUR,2007,0
Suriname,SUR,2008,0
Suriname,SUR,2009,0
Suriname,SUR,2010,0
Suriname,SUR,2011,0
Suriname,SUR,2012,0
Suriname,SUR,2013,0
Suriname,SUR,2014,0
Suriname,SUR,2015,0
Suriname,SUR,2016,0
Suriname,SUR,2017,0
Suriname,SUR,2018,0
Suriname,SUR,2019,0
Suriname,SUR,2020,0
Suriname,SUR,2021,0
Sweden,SWE,2000,0.98
Sweden,SWE,2001,3.94
Sweden,SWE,2002,0.98
Sweden,SWE,2003,6.88
Sweden,SWE,2004,1.97
Sweden,SWE,2005,6.3
Sweden,SWE,2006,3.92
Sweden,SWE,2007,2.94
Sweden,SWE,2008,0
Sweden,SWE,2009,0
Sweden,SWE,2010,0.98
Sweden,SWE,2011,0
Sweden,SWE,2012,3.91
Sweden,SWE,2013,10.73
Sweden,SWE,2014,0
Sweden,SWE,2015,0
Sweden,SWE,2016,0.98
Sweden,SWE,2017,0.98
Sweden,SWE,2018,1.95
Sweden,SWE,2019,0.98
Sweden,SWE,2020,0.98
Sweden,SWE,2021,0
Switzerland,CHE,2000,28
Switzerland,CHE,2001,19.3
Switzerland,CHE,2002,18.31
Switzerland,CHE,2003,8.66
Switzerland,CHE,2004,9.62
Switzerland,CHE,2005,24.01
Switzerland,CHE,2006,11.51
Switzerland,CHE,2007,8.63
Switzerland,CHE,2008,10.56
Switzerland,CHE,2009,11.53
Switzerland,CHE,2010,15.37
Switzerland,CHE,2011,12.48
Switzerland,CHE,2012,10.56
Switzerland,CHE,2013,15.36
Switzerland,CHE,2014,12.49
Switzerland,CHE,2015,18.27
Switzerland,CHE,2016,9.62
Switzerland,CHE,2017,11.54
Switzerland,CHE,2018,0
Switzerland,CHE,2019,3.83
Switzerland,CHE,2020,0
Switzerland,CHE,2021,16.25
Syria,SYR,2000,0
Syria,SYR,2001,27
Syria,SYR,2002,80.55
Syria,SYR,2003,0
Syria,SYR,2004,5.09
Syria,SYR,2005,0
Syria,SYR,2006,6.17
Syria,SYR,2007,0
Syria,SYR,2008,0
Syria,SYR,2009,0
Syria,SYR,2010,0
Syria,SYR,2011,0
Syria,SYR,2012,0
Syria,SYR,2013,0
Syria,SYR,2014,0
Syria,SYR,2015,15.63
Syria,SYR,2016,0
Syria,SYR,2017,0
Syria,SYR,2018,0
Syria,SYR,2019,3.1
Syria,SYR,2020,0
Syria,SYR,2021,1.65
Tajikistan,TJK,2000,0
Tajikistan,TJK,2001,0.99
Tajikistan,TJK,2002,34.89
Tajikistan,TJK,2003,6.98
Tajikistan,TJK,2004,0
Tajikistan,TJK,2005,23.97
Tajikistan,TJK,2006,24.92
Tajikistan,TJK,2007,48.86
Tajikistan,TJK,2008,0
Tajikistan,TJK,2009,20.96
Tajikistan,TJK,2010,74.9
Tajikistan,TJK,2011,0
Tajikistan,TJK,2012,1.99
Tajikistan,TJK,2013,0
Tajikistan,TJK,2014,19.77
Tajikistan,TJK,2015,11.83
Tajikistan,TJK,2016,3.92
Tajikistan,TJK,2017,12.66
Tajikistan,TJK,2018,5.81
Tajikistan,TJK,2019,3.87
Tajikistan,TJK,2020,1.93
Tajikistan,TJK,2021,23.06
Tanzania,TZA,2000,37.41
Tanzania,TZA,2001,18.2
Tanzania,TZA,2002,11.11
Tanzania,TZA,2003,0
Tanzania,TZA,2004,10.12
Tanzania,TZA,2005,3.05
Tanzania,TZA,2006,0
Tanzania,TZA,2007,0
Tanzania,TZA,2008,74.72
Tanzania,TZA,2009,29.7
Tanzania,TZA,2010,9.22
Tanzania,TZA,2011,38.02
Tanzania,TZA,2012,10.3
Tanzania,TZA,2013,0
Tanzania,TZA,2014,32.44
Tanzania,TZA,2015,62.44
Tanzania,TZA,2016,35.29
Tanzania,TZA,2017,7.57
Tanzania,TZA,2018,16.37
Tanzania,TZA,2019,51.74
Tanzania,TZA,2020,72.24
Tanzania,TZA,2021,51.65
Thailand,THA,2000,108.39
Thailand,THA,2001,221.63
Thailand,THA,2002,190.64
Thailand,THA,2003,9.09
Thailand,THA,2004,8509.49
Thailand,THA,2005,69.44
Thailand,THA,2006,307.07
Thailand,THA,2007,54.91
Thailand,THA,2008,40.22
Thailand,THA,2009,18.32
Thailand,THA,2010,303.57
Thailand,THA,2011,831.66
Thailand,THA,2012,149.35
Thailand,THA,2013,90.2
Thailand,THA,2014,35.14
Thailand,THA,2015,4.28
Thailand,THA,2016,35.39
Thailand,THA,2017,170.92
Thailand,THA,2018,14.02
Thailand,THA,2019,29.21
Thailand,THA,2020,47.86
Thailand,THA,2021,17.49
Togo,TGO,2000,0
Togo,TGO,2001,0
Togo,TGO,2002,0
Togo,TGO,2003,0
Togo,TGO,2004,0
Togo,TGO,2005,0
Togo,TGO,2006,0
Togo,TGO,2007,42.74
Togo,TGO,2008,6.26
Togo,TGO,2009,0
Togo,TGO,2010,23
Togo,TGO,2011,0
Togo,TGO,2012,0
Togo,TGO,2013,0
Togo,TGO,2014,0
Togo,TGO,2015,0
Togo,TGO,2016,0
Togo,TGO,2017,0
Togo,TGO,2018,0
Togo,TGO,2019,0
Togo,TGO,2020,11.6
Togo,TGO,2021,0
Tonga,TON,2000,0
Tonga,TON,2001,0
Tonga,TON,2002,0
Tonga,TON,2003,0
Tonga,TON,2004,0
Tonga,TON,2005,0
Tonga,TON,2006,0
Tonga,TON,2007,0
Tonga,TON,2008,0
Tonga,TON,2009,8.9
Tonga,TON,2010,0
Tonga,TON,2011,0
Tonga,TON,2012,0
Tonga,TON,2013,0
Tonga,TON,2014,0.98
Tonga,TON,2015,0
Tonga,TON,2016,0
Tonga,TON,2017,0
Tonga,TON,2018,0
Tonga,TON,2019,0
Tonga,TON,2020,0
Tonga,TON,2021,0
Trinidad and Tobago,TTO,2000,0
Trinidad and Tobago,TTO,2001,0
Trinidad and Tobago,TTO,2002,0
Trinidad and Tobago,TTO,2003,1.88
Trinidad and Tobago,TTO,2004,3.76
Trinidad and Tobago,TTO,2005,1.88
Trinidad and Tobago,TTO,2006,0
Trinidad and Tobago,TTO,2007,0
Trinidad and Tobago,TTO,2008,1.89
Trinidad and Tobago,TTO,2009,0
Trinidad and Tobago,TTO,2010,4.76
Trinidad and Tobago,TTO,2011,0.95
Trinidad and Tobago,TTO,2012,1.91
Trinidad and Tobago,TTO,2013,0
Trinidad and Tobago,TTO,2014,0
Trinidad and Tobago,TTO,2015,0
Trinidad and Tobago,TTO,2016,0
Trinidad and Tobago,TTO,2017,0
Trinidad and Tobago,TTO,2018,0
Trinidad and Tobago,TTO,2019,0
Trinidad and Tobago,TTO,2020,0
Trinidad and Tobago,TTO,2021,0
Tunisia,TUN,2000,0
Tunisia,TUN,2001,0
Tunisia,TUN,2002,0
Tunisia,TUN,2003,11.62
Tunisia,TUN,2004,0
Tunisia,TUN,2005,0
Tunisia,TUN,2006,0
Tunisia,TUN,2007,15.63
Tunisia,TUN,2008,0
Tunisia,TUN,2009,16.69
Tunisia,TUN,2010,0
Tunisia,TUN,2011,0
Tunisia,TUN,2012,0
Tunisia,TUN,2013,0
Tunisia,TUN,2014,0
Tunisia,TUN,2015,0
Tunisia,TUN,2016,0
Tunisia,TUN,2017,0
Tunisia,TUN,2018,13.01
Tunisia,TUN,2019,0
Tunisia,TUN,2020,5.99
Tunisia,TUN,2021,2.99
Turkey,TUR,2000,4.78
Turkey,TUR,2001,20.02
Turkey,TUR,2002,81.48
Turkey,TUR,2003,174.76
Turkey,TUR,2004,70.09
Turkey,TUR,2005,24.22
Turkey,TUR,2006,54.76
Turkey,TUR,2007,14.78
Turkey,TUR,2008,0
Turkey,TUR,2009,57.11
Turkey,TUR,2010,58.96
Turkey,TUR,2011,605.4
Turkey,TUR,2012,13.92
Turkey,TUR,2013,10.28
Turkey,TUR,2014,3.77
Turkey,TUR,2015,17.06
Turkey,TUR,2016,0.95
Turkey,TUR,2017,0
Turkey,TUR,2018,22.86
Turkey,TUR,2019,20.02
Turkey,TUR,2020,264.53
Turkey,TUR,2021,69.86
Turkmenistan,TKM,2000,0.77
Turkmenistan,TKM,2001,0.84
Turkmenistan,TKM,2002,1.1
Turkmenistan,TKM,2003,1.14
Turkmenistan,TKM,2004,1
Turkmenistan,TKM,2005,0.78
Turkmenistan,TKM,2006,0.82
Turkmenistan,TKM,2007,0.82
Turkmenistan,TKM,2008,1.01
Turkmenistan,TKM,2009,1.05
Turkmenistan,TKM,2010,1.1
Turkmenistan,TKM,2011,1.24
Turkmenistan,TKM,2012,0.91
Turkmenistan,TKM,2013,1.72
Turkmenistan,TKM,2014,0.89
Turkmenistan,TKM,2015,1.02
Turkmenistan,TKM,2016,0
Turkmenistan,TKM,2017,0
Turkmenistan,TKM,2018,0
Turkmenistan,TKM,2019,0
Turkmenistan,TKM,2020,0
Turkmenistan,TKM,2021,0
Tuvalu,TUV,2000,0
Tuvalu,TUV,2001,0
Tuvalu,TUV,2002,0
Tuvalu,TUV,2003,0
Tuvalu,TUV,2004,0
Tuvalu,TUV,2005,0
Tuvalu,TUV,2006,0
Tuvalu,TUV,2007,0
Tuvalu,TUV,2008,0
Tuvalu,TUV,2009,0
Tuvalu,TUV,2010,0
Tuvalu,TUV,2011,0
Tuvalu,TUV,2012,0
Tuvalu,TUV,2013,0
Tuvalu,TUV,2014,0
Tuvalu,TUV,2015,0
Tuvalu,TUV,2016,0
Tuvalu,TUV,2017,0
Tuvalu,TUV,2018,0
Tuvalu,TUV,2019,0
Tuvalu,TUV,2020,0
Tuvalu,TUV,2021,0
Uganda,UGA,2000,0
Uganda,UGA,2001,12.16
Uganda,UGA,2002,17.15
Uganda,UGA,2003,25.12
Uganda,UGA,2004,0
Uganda,UGA,2005,0
Uganda,UGA,2006,2.98
Uganda,UGA,2007,32.69
Uganda,UGA,2008,48.41
Uganda,UGA,2009,0
Uganda,UGA,2010,382.74
Uganda,UGA,2011,49.31
Uganda,UGA,2012,17.74
Uganda,UGA,2013,12.81
Uganda,UGA,2014,0
Uganda,UGA,2015,0
Uganda,UGA,2016,18.89
Uganda,UGA,2017,17.02
Uganda,UGA,2018,51.49
Uganda,UGA,2019,219.07
Uganda,UGA,2020,46.34
Uganda,UGA,2021,5.2
Ukraine,UKR,2000,10.07
Ukraine,UKR,2001,9.05
Ukraine,UKR,2002,0
Ukraine,UKR,2003,0
Ukraine,UKR,2004,0
Ukraine,UKR,2005,20.83
Ukraine,UKR,2006,21.08
Ukraine,UKR,2007,18.14
Ukraine,UKR,2008,50.7
Ukraine,UKR,2009,13.98
Ukraine,UKR,2010,15.17
Ukraine,UKR,2011,12.72
Ukraine,UKR,2012,11.95
Ukraine,UKR,2013,10.68
Ukraine,UKR,2014,14.01
Ukraine,UKR,2015,10.15
Ukraine,UKR,2016,9.42
Ukraine,UKR,2017,1.04
Ukraine,UKR,2018,0.74
Ukraine,UKR,2019,0.46
Ukraine,UKR,2020,3.7
Ukraine,UKR,2021,1.03
United Arab Emirates,ARE,2000,0
United Arab Emirates,ARE,2001,0
United Arab Emirates,ARE,2002,0
United Arab Emirates,ARE,2003,0
United Arab Emirates,ARE,2004,0
United Arab Emirates,ARE,2005,0
United Arab Emirates,ARE,2006,0
United Arab Emirates,ARE,2007,0
United Arab Emirates,ARE,2008,0
United Arab Emirates,ARE,2009,0
United Arab Emirates,ARE,2010,0
United Arab Emirates,ARE,2011,0
United Arab Emirates,ARE,2012,0
United Arab Emirates,ARE,2013,0
United Arab Emirates,ARE,2014,0
United Arab Emirates,ARE,2015,0
United Arab Emirates,ARE,2016,0
United Arab Emirates,ARE,2017,0
United Arab Emirates,ARE,2018,0
United Arab Emirates,ARE,2019,0
United Arab Emirates,ARE,2020,0
United Arab Emirates,ARE,2021,0
United Kingdom,GBR,2000,15.95
United Kingdom,GBR,2001,3.99
United Kingdom,GBR,2002,14.93
United Kingdom,GBR,2003,0
United Kingdom,GBR,2004,1.98
United Kingdom,GBR,2005,17.92
United Kingdom,GBR,2006,0
United Kingdom,GBR,2007,26.81
United Kingdom,GBR,2008,13.91
United Kingdom,GBR,2009,7.94
United Kingdom,GBR,2010,2.97
United Kingdom,GBR,2011,0.99
United Kingdom,GBR,2012,7.97
United Kingdom,GBR,2013,19.93
United Kingdom,GBR,2014,7.99
United Kingdom,GBR,2015,4
United Kingdom,GBR,2016,5.02
United Kingdom,GBR,2017,13.07
United Kingdom,GBR,2018,0
United Kingdom,GBR,2019,4.04
United Kingdom,GBR,2020,2.02
United Kingdom,GBR,2021,1.02
United States,USA,2000,139.45
United States,USA,2001,154.02
United States,USA,2002,248.43
United States,USA,2003,251.34
United States,USA,2004,179.97
United States,USA,2005,1851.66
United States,USA,2006,185.46
United States,USA,2007,241.54
United States,USA,2008,232.92
United States,USA,2009,126.7
United States,USA,2010,179.14
United States,USA,2011,841.57
United States,USA,2012,239.12
United States,USA,2013,219.04
United States,USA,2014,238.61
United States,USA,2015,296.81
United States,USA,2016,252.86
United States,USA,2017,273.14
United States,USA,2018,201.64
United States,USA,2019,202.69
United States,USA,2020,175.5
United States,USA,2021,563.35
Uruguay,URY,2000,0
Uruguay,URY,2001,0
Uruguay,URY,2002,2
Uruguay,URY,2003,0
Uruguay,URY,2004,0
Uruguay,URY,2005,1.01
Uruguay,URY,2006,0
Uruguay,URY,2007,2.04
Uruguay,URY,2008,0
Uruguay,URY,2009,1.02
Uruguay,URY,2010,0
Uruguay,URY,2011,0
Uruguay,URY,2012,0
Uruguay,URY,2013,1.03
Uruguay,URY,2014,0
Uruguay,URY,2015,4.11
Uruguay,URY,2016,11.32
Uruguay,URY,2017,0
Uruguay,URY,2018,0
Uruguay,URY,2019,0
Uruguay,URY,2020,0
Uruguay,URY,2021,0
Uzbekistan,UZB,2000,0
Uzbekistan,UZB,2001,0
Uzbekistan,UZB,2002,0
Uzbekistan,UZB,2003,0
Uzbekistan,UZB,2004,0
Uzbekistan,UZB,2005,5.1
Uzbekistan,UZB,2006,0
Uzbekistan,UZB,2007,0
Uzbekistan,UZB,2008,0
Uzbekistan,UZB,2009,0
Uzbekistan,UZB,2010,1.03
Uzbekistan,UZB,2011,13.28
Uzbekistan,UZB,2012,3.05
Uzbekistan,UZB,2013,3.04
Uzbekistan,UZB,2014,2.03
Uzbekistan,UZB,2015,2.03
Uzbekistan,UZB,2016,4.04
Uzbekistan,UZB,2017,3.01
Uzbekistan,UZB,2018,5
Uzbekistan,UZB,2019,1
Uzbekistan,UZB,2020,3.99
Uzbekistan,UZB,2021,7.96
Vanuatu,VUT,2000,0
Vanuatu,VUT,2001,2.1
Vanuatu,VUT,2002,0
Vanuatu,VUT,2003,0
Vanuatu,VUT,2004,2.1
Vanuatu,VUT,2005,0
Vanuatu,VUT,2006,0
Vanuatu,VUT,2007,0
Vanuatu,VUT,2008,0
Vanuatu,VUT,2009,0
Vanuatu,VUT,2010,0
Vanuatu,VUT,2011,0
Vanuatu,VUT,2012,0
Vanuatu,VUT,2013,0
Vanuatu,VUT,2014,12.99
Vanuatu,VUT,2015,11.94
Vanuatu,VUT,2016,0
Vanuatu,VUT,2017,0
Vanuatu,VUT,2018,0
Vanuatu,VUT,2019,0
Vanuatu,VUT,2020,3.23
Vanuatu,VUT,2021,0
Venezuela,VEN,2000,26.95
Venezuela,VEN,2001,14.48
Venezuela,VEN,2002,23.71
Venezuela,VEN,2003,36.89
Venezuela,VEN,2004,50.84
Venezuela,VEN,2005,44.45
Venezuela,VEN,2006,35.21
Venezuela,VEN,2007,12.04
Venezuela,VEN,2008,17.03
Venezuela,VEN,2009,9.01
Venezuela,VEN,2010,66.89
Venezuela,VEN,2011,28.89
Venezuela,VEN,2012,21.85
Venezuela,VEN,2013,11.87
Venezuela,VEN,2014,5.9
Venezuela,VEN,2015,0
Venezuela,VEN,2016,0
Venezuela,VEN,2017,0
Venezuela,VEN,2018,1.9
Venezuela,VEN,2019,5.82
Venezuela,VEN,2020,2.98
Venezuela,VEN,2021,45.78
Vietnam,VNM,2000,602.75
Vietnam,VNM,2001,398.9
Vietnam,VNM,2002,149.66
Vietnam,VNM,2003,130.42
Vietnam,VNM,2004,192.76
Vietnam,VNM,2005,314.41
Vietnam,VNM,2006,589.85
Vietnam,VNM,2007,331.51
Vietnam,VNM,2008,412.86
Vietnam,VNM,2009,365.56
Vietnam,VNM,2010,223.69
Vietnam,VNM,2011,139.44
Vietnam,VNM,2012,72.68
Vietnam,VNM,2013,216.94
Vietnam,VNM,2014,38.36
Vietnam,VNM,2015,52.69
Vietnam,VNM,2016,163.91
Vietnam,VNM,2017,286.93
Vietnam,VNM,2018,135.34
Vietnam,VNM,2019,59.64
Vietnam,VNM,2020,314.42
Vietnam,VNM,2021,35.51
World,OWID_WRL,2000,9042.66
World,OWID_WRL,2001,30407.92
World,OWID_WRL,2002,9374.939
World,OWID_WRL,2003,35179.55
World,OWID_WRL,2004,246485.1
World,OWID_WRL,2005,96264.48
World,OWID_WRL,2006,20419.19
World,OWID_WRL,2007,16585.11
World,OWID_WRL,2008,232923.44
World,OWID_WRL,2009,10451.13
World,OWID_WRL,2010,171714.88
World,OWID_WRL,2011,32074
World,OWID_WRL,2012,9081.42
World,OWID_WRL,2013,26873.89
World,OWID_WRL,2014,7663.3003
World,OWID_WRL,2015,15321.1
World,OWID_WRL,2016,8756.02
World,OWID_WRL,2017,11049.75
World,OWID_WRL,2018,11924.53
World,OWID_WRL,2019,9715.17
World,OWID_WRL,2020,9311.56
World,OWID_WRL,2021,9198.9795
Yemen,YEM,2000,0
Yemen,YEM,2001,64.08
Yemen,YEM,2002,53.37
Yemen,YEM,2003,14.97
Yemen,YEM,2004,0
Yemen,YEM,2005,85.48
Yemen,YEM,2006,29.32
Yemen,YEM,2007,96.3
Yemen,YEM,2008,87.14
Yemen,YEM,2009,10.61
Yemen,YEM,2010,21.15
Yemen,YEM,2011,0
Yemen,YEM,2012,0
Yemen,YEM,2013,38.46
Yemen,YEM,2014,0
Yemen,YEM,2015,25.16
Yemen,YEM,2016,38.81
Yemen,YEM,2017,48.66
Yemen,YEM,2018,47.87
Yemen,YEM,2019,25.51
Yemen,YEM,2020,64.01
Yemen,YEM,2021,23.68
Zambia,ZMB,2000,0
Zambia,ZMB,2001,5.16
Zambia,ZMB,2002,0
Zambia,ZMB,2003,4.1
Zambia,ZMB,2004,2.04
Zambia,ZMB,2005,0
Zambia,ZMB,2006,0
Zambia,ZMB,2007,7.38
Zambia,ZMB,2008,10.78
Zambia,ZMB,2009,31.12
Zambia,ZMB,2010,9
Zambia,ZMB,2011,0
Zambia,ZMB,2012,0
Zambia,ZMB,2013,0
Zambia,ZMB,2014,0
Zambia,ZMB,2015,0
Zambia,ZMB,2016,0
Zambia,ZMB,2017,0
Zambia,ZMB,2018,0
Zambia,ZMB,2019,3.96
Zambia,ZMB,2020,2.99
Zambia,ZMB,2021,0
Zimbabwe,ZWE,2000,71.49
Zimbabwe,ZWE,2001,13.31
Zimbabwe,ZWE,2002,0
Zimbabwe,ZWE,2003,10.3
Zimbabwe,ZWE,2004,0
Zimbabwe,ZWE,2005,0
Zimbabwe,ZWE,2006,0
Zimbabwe,ZWE,2007,15.44
Zimbabwe,ZWE,2008,12.34
Zimbabwe,ZWE,2009,0
Zimbabwe,ZWE,2010,0
Zimbabwe,ZWE,2011,0
Zimbabwe,ZWE,2012,0
Zimbabwe,ZWE,2013,130.08
Zimbabwe,ZWE,2014,8.88
Zimbabwe,ZWE,2015,16.26
Zimbabwe,ZWE,2016,32.56
Zimbabwe,ZWE,2017,263.95
Zimbabwe,ZWE,2018,0
Zimbabwe,ZWE,2019,690.63
Zimbabwe,ZWE,2020,0
Zimbabwe,ZWE,2021,3.21